sku,qty,is_in_stock
124001,11,1
124002,12,1
124003,24,1
124004,0,0
124005,191,1
124006,6,1
124007,7,1
124008,91,1
124009,8,1
124010,62,1
124011,0,0
124012,0,0
124013,0,0
124014,0,0
124015,0,0
124016,0,0
124017,0,0
124018,636,1
124019,398,1
124020,699,1
124021,106,1
124022,375,1
124023,156,1
124024,0,0
124025,241,1
124026,263,1
124027,168,1
124028,137,1
124029,113,1
124030,210,1
124031,0,0
124032,713,1
124033,696,1
124034,260,1
124035,25,1
124036,118,1
124037,665,1
124038,2122,1
124039,624,1
124040,448,1
124041,114,1
124042,489,1
124043,990,1
124044,0,0
124045,0,0
124046,0,0
124047,1475,1
124048,0,0
124049,14,1
124059,0,0
124060,0,0
124061,0,0
124062,0,0
124063,0,0
124064,0,0
124065,0,0
124066,0,0
124067,0,0
124068,0,0
124069,0,0
124070,0,0
124071,0,0
124072,0,0
124073,0,0
124074,0,0
124075,0,0
124076,0,0
124077,0,0
124078,0,0
124079,0,0
124080,0,0
124081,0,0
124082,0,0
124083,0,0
124084,0,0
124085,0,0
124086,0,0
124087,0,0
124088,0,0
124089,0,0
124090,0,0
124091,0,0
124092,0,0
124093,0,0
124094,98,1
124095,6,1
124096,0,0
124097,0,0
124098,0,0
124099,0,0
124100,0,0
124101,0,0
124102,0,0
124103,0,0
124104,0,0
124105,0,0
124106,0,0
124107,0,0
124108,0,0
124109,0,0
124110,0,0
124111,0,0
124112,0,0
124113,0,0
124114,0,0
124115,0,0
124116,0,0
124117,0,0
124118,0,0
124119,0,0
124120,0,0
124121,0,0
124122,0,0
124123,0,0
124124,0,0
124125,0,0
124126,0,0
124127,0,0
124128,0,0
124129,0,0
124130,0,0
124131,0,0
124132,0,0
124133,0,0
124134,0,0
124135,0,0
124136,0,0
124137,0,0
124138,0,0
124139,0,0
124140,0,0
124141,0,0
124142,0,0
124143,0,0
124144,0,0
124145,0,0
124146,0,0
124147,0,0
124148,0,0
124149,0,0
124150,0,0
124151,0,0
124152,0,0
124153,0,0
124154,0,0
124155,0,0
124156,0,0
124157,0,0
124158,0,0
124159,0,0
124160,0,0
124161,0,0
124162,0,0
124163,0,0
124164,0,0
124165,0,0
124166,0,0
124167,171,1
124168,118,1
124169,0,0
124170,0,0
124171,0,0
124172,0,0
124173,0,0
124174,0,0
124175,0,0
124176,0,0
124177,0,0
124178,0,0
124179,0,0
124180,0,0
124181,0,0
124182,0,0
124183,0,0
124184,0,0
124185,0,0
124186,0,0
124187,0,0
124188,0,0
124189,0,0
124190,0,0
124191,0,0
124192,0,0
124193,0,0
124194,0,0
124195,5,1
124196,2,1
124197,2,1
124198,0,0
124199,3,1
124200,3,1
124201,1,1
124202,2,1
124203,0,0
124204,2,1
124205,2,1
124206,0,0
124207,0,0
124208,0,0
124209,0,0
124210,0,0
124211,0,0
124212,0,0
124213,0,0
124214,0,0
124215,0,0
124216,0,0
124217,0,0
124218,0,0
124219,0,0
124220,0,0
124221,0,0
124222,0,0
124223,0,0
124224,0,0
124225,0,0
124226,0,0
124227,0,0
124228,0,0
124229,0,0
124230,0,0
124231,0,0
124232,0,0
124233,0,0
124234,0,0
124235,0,0
124236,0,0
124237,0,0
124238,0,0
124239,0,0
124240,6,1
124241,0,0
124242,0,0
124243,0,0
124244,2,1
124245,0,0
124246,0,0
124247,1,1
124248,5,1
124249,1,1
124250,0,0
124251,0,0
124252,0,0
124253,0,0
124254,0,0
124255,0,0
124256,0,0
124257,0,0
124258,0,0
124259,0,0
124260,19,1
124261,2,1
124262,4,1
124263,43,1
124264,49,1
124265,6,1
124266,7,1
124267,30,1
124268,9,1
124269,8,1
124270,74,1
124271,9,1
124272,19,1
124273,28,1
124274,18,1
124275,64,1
124276,13,1
124277,18,1
124278,24,1
124279,20,1
124280,6,1
124281,10,1
124282,6,1
124283,16,1
124284,6,1
124285,0,0
124286,0,0
124287,0,0
124288,0,0
124289,0,0
124290,0,0
124291,0,0
124292,0,0
124293,0,0
124294,0,0
124295,0,0
124296,0,0
124297,0,0
124298,0,0
124299,0,0
124300,0,0
124301,0,0
124302,0,0
124303,0,0
124304,0,0
124306,0,0
124307,0,0
124308,0,0
124309,0,0
124310,0,0
124311,0,0
124312,0,0
124313,0,0
124314,0,0
124315,0,0
124316,0,0
124317,0,0
124318,0,0
124319,0,0
124320,0,0
124321,0,0
124322,0,0
124323,0,0
124324,0,0
124325,6,1
124326,7,1
124327,9,1
124328,2,1
124329,6,1
124330,4,1
124331,0,0
124332,4,1
124333,2,1
124334,3,1
124335,4,1
124336,0,0
124337,0,0
124338,6,1
124339,6,1
124340,9,1
124341,0,0
124342,0,0
124343,0,0
124344,0,0
124345,0,0
124346,0,0
124347,0,0
124348,0,0
124349,0,0
124350,0,0
124351,0,0
124353,2,1
124354,0,0
124355,2,1
124356,0,0
124357,3,1
124358,0,0
124360,13,1
124361,7,1
124362,0,0
124363,0,0
124364,2,1
124365,15,1
124366,7,1
124367,27,1
124368,3,1
124369,5,1
124370,0,0
124371,0,0
124372,0,0
124373,0,0
124374,0,0
124375,0,0
124376,0,0
124377,0,0
124378,0,0
124379,0,0
124380,0,0
124381,0,0
124382,0,0
124383,0,0
124384,0,0
124385,0,0
124386,0,0
124387,0,0
124388,0,0
124389,0,0
124390,17,1
124391,4,1
124392,0,0
124393,0,0
124394,0,0
124395,0,0
124396,0,0
124397,0,0
124398,0,0
124399,0,0
124400,0,0
124401,1,1
124402,4,1
124403,3,1
124404,0,0
124405,0,0
124406,9,1
124407,0,0
124408,0,0
124409,0,0
124410,0,0
124412,0,0
124413,0,0
124418,0,0
124419,0,0
124420,0,0
124421,0,0
124422,0,0
124423,0,0
124424,0,0
124425,0,0
124426,0,0
124427,2,1
124428,0,0
124429,0,0
124430,0,0
124431,0,0
124432,0,0
124433,5,1
124434,3,1
124435,3,1
124436,2,1
124437,0,0
124438,0,0
124439,0,0
124440,0,0
124441,0,0
124442,24,1
124443,17,1
124444,9,1
124445,30,1
124446,0,0
124447,0,0
124448,0,0
124449,0,0
124450,0,0
124451,0,0
124452,0,0
124453,0,0
124454,0,0
124455,0,0
124456,0,0
124457,7,1
124458,0,0
124459,0,0
124460,0,0
124461,3,1
124462,0,0
124463,0,0
124464,0,0
124465,5,1
124466,3,1
124467,4,1
124468,9,1
124469,0,0
124470,0,0
124471,9,1
124472,5,1
124473,2,1
124474,4,1
124475,4,1
124476,0,0
124477,0,0
124478,3,1
124479,0,0
124480,0,0
124481,0,0
124482,0,0
124483,0,0
124484,4,1
124485,3,1
124486,6,1
124487,80,1
124488,160,1
124489,16,1
124490,3,1
124491,0,0
124492,7,1
124493,1,1
124494,7,1
124495,1,1
124496,2,1
124497,11,1
124498,0,0
124499,0,0
124500,0,0
124501,0,0
124502,0,0
124503,180,1
124504,100,1
124505,180,1
124506,0,0
124507,0,0
124508,0,0
124509,0,0
124510,0,0
124511,0,0
124512,0,0
124513,0,0
124514,0,0
124515,0,0
124516,0,0
124517,0,0
124518,0,0
124519,0,0
124520,0,0
124521,0,0
124522,0,0
124523,0,0
124524,0,0
124525,0,0
124526,0,0
124527,0,0
124528,0,0
124529,0,0
124530,0,0
124531,0,0
124532,0,0
124533,0,0
124534,0,0
124535,0,0
124536,0,0
124537,0,0
124538,0,0
124539,0,0
124540,0,0
124541,0,0
124542,0,0
124543,0,0
124544,0,0
124545,0,0
124546,0,0
124547,0,0
124548,0,0
124549,0,0
124550,0,0
124551,0,0
124552,0,0
124553,10,1
124554,0,0
124555,0,0
124556,0,0
124557,0,0
124558,4,1
124559,0,0
124560,0,0
124561,0,0
124562,0,0
124563,0,0
124564,0,0
124565,0,0
124566,0,0
124567,0,0
124568,0,0
124569,0,0
124570,0,0
124571,0,0
124572,0,0
124573,0,0
124574,0,0
124575,0,0
124576,0,0
124577,0,0
124578,0,0
124579,0,0
124580,0,0
124581,0,0
124582,0,0
124583,0,0
124584,366,1
124585,36,1
124586,0,0
124587,0,0
124588,0,0
124589,0,0
124590,0,0
124591,4,1
124592,2,1
124593,0,0
124594,0,0
124595,0,0
124596,0,0
124597,0,0
124598,1,1
124599,4,1
124600,3,1
124601,2,1
124602,3,1
124603,3,1
124604,3,1
124605,3,1
124606,6,1
124607,4,1
124608,4,1
124609,4,1
124610,3,1
124611,0,0
124612,0,0
124613,0,0
124614,4,1
124615,3,1
124616,0,0
124617,0,0
124618,0,0
124619,0,0
124620,2,1
124621,4,1
124622,2,1
124623,9,1
124624,0,0
124625,5,1
124626,3,1
124627,5,1
124628,0,0
124629,0,0
124630,0,0
124631,0,0
124632,0,0
124633,0,0
124634,0,0
124635,0,0
124636,0,0
124637,0,0
124638,0,0
124639,0,0
124640,0,0
124641,0,0
124642,0,0
124643,0,0
124644,0,0
124645,0,0
124646,0,0
124647,0,0
124648,0,0
124649,0,0
124650,0,0
124651,0,0
124652,0,0
124653,0,0
124654,0,0
124655,0,0
124656,0,0
124657,0,0
124658,0,0
124659,0,0
124660,0,0
124661,0,0
124662,0,0
124664,0,0
124665,0,0
124666,0,0
124667,0,0
124668,0,0
124669,0,0
124670,0,0
124671,0,0
124672,0,0
124673,0,0
124674,0,0
124675,0,0
124676,0,0
124677,0,0
124678,0,0
124679,0,0
124680,0,0
124681,0,0
124682,0,0
124683,0,0
124684,10,1
124685,0,0
124686,0,0
124687,0,0
124688,0,0
124689,0,0
124690,0,0
124691,0,0
124692,0,0
124693,0,0
124694,0,0
124695,0,0
124696,0,0
124697,24,1
124698,0,0
124699,0,0
124700,0,0
124701,0,0
124702,-1,0
124703,0,0
124704,0,0
124705,0,0
124706,0,0
124707,0,0
124708,0,0
124709,0,0
124710,0,0
124711,0,0
124712,0,0
124713,0,0
124714,0,0
124715,0,0
124716,0,0
124717,0,0
124718,0,0
124719,0,0
124720,0,0
124721,0,0
124722,0,0
124723,0,0
124724,0,0
124725,0,0
124726,0,0
124727,0,0
124728,0,0
124729,0,0
124730,0,0
124731,0,0
124732,0,0
124733,0,0
124734,0,0
124735,0,0
124736,0,0
124737,0,0
124738,0,0
124739,0,0
124740,0,0
124741,0,0
124742,0,0
124743,0,0
124744,0,0
124745,0,0
124746,0,0
124747,0,0
124748,0,0
124749,0,0
124750,0,0
124751,0,0
124752,0,0
124753,0,0
124754,0,0
124758,0,0
124759,0,0
124760,0,0
124761,0,0
124762,0,0
124763,0,0
124764,0,0
124765,0,0
124766,0,0
124767,0,0
124768,0,0
124770,0,0
124771,0,0
124772,0,0
124774,0,0
124775,0,0
124776,0,0
124777,0,0
124778,0,0
124784,0,0
124785,0,0
124786,0,0
124787,0,0
124788,0,0
124789,0,0
124790,0,0
124791,0,0
124792,0,0
124793,0,0
124794,0,0
124795,0,0
124797,0,0
124798,0,0
124799,0,0
124800,0,0
124801,0,0
124802,0,0
124803,0,0
124804,0,0
124805,0,0
124806,0,0
124807,0,0
124808,0,0
124809,0,0
124810,0,0
124811,0,0
124812,0,0
124813,0,0
124814,0,0
124815,0,0
124816,0,0
124817,0,0
124818,0,0
124819,0,0
124820,0,0
124823,0,0
124824,0,0
124825,0,0
124826,0,0
124827,0,0
124828,0,0
124829,0,0
124830,0,0
124831,0,0
124832,0,0
124833,0,0
124834,0,0
124835,1,1
124836,0,0
124837,0,0
124838,1,1
124839,0,0
124840,0,0
124841,0,0
124842,2,1
124843,0,0
124844,0,0
124845,2,1
124846,0,0
124847,0,0
124848,0,0
124849,2,1
124850,2,1
124851,0,0
124852,0,0
124853,3,1
124854,12,1
124855,2,1
124856,0,0
124857,3,1
124858,0,0
124859,0,0
124860,5,1
124861,3,1
124862,3,1
124863,4,1
124864,0,0
124865,3,1
124866,3,1
124867,4,1
124868,9,1
124869,5,1
124870,2,1
124871,3,1
124872,4,1
124873,2,1
124874,4,1
124875,4,1
124876,5,1
124877,3,1
124878,5,1
124879,2,1
124880,1,1
124881,2,1
124882,2,1
124883,3,1
124884,3,1
124885,3,1
124886,7,1
124887,4,1
124888,4,1
124889,10,1
124890,18,1
124891,0,0
124892,10,1
124893,80,1
124894,48,1
124895,168,1
124896,60,1
124897,0,0
124898,0,0
124899,0,0
124900,0,0
124901,0,0
124902,0,0
124903,0,0
124904,0,0
124905,1,1
124906,0,0
124907,0,0
124908,2,1
124909,0,0
124910,0,0
124911,0,0
124912,0,0
124913,5,1
124914,3,1
124915,2,1
124916,7,1
124917,2,1
124918,0,0
124919,0,0
124920,0,0
124921,10,1
124922,0,0
124923,3,1
124924,3,1
124925,0,0
124926,0,0
124927,0,0
124928,0,0
124929,14,1
124930,18,1
124931,7,1
124932,0,0
124933,0,0
124934,0,0
124935,0,0
124936,16,1
124937,9,1
124938,7,1
124939,5,1
124940,5,1
124941,3,1
124942,1,1
124943,3,1
124944,0,0
124945,2,1
124946,2,1
124947,0,0
124948,0,0
124949,12,1
124950,0,0
124951,23,1
124952,32,1
124953,0,0
124954,24,1
124955,35,1
124956,36,1
124957,0,0
124958,0,0
124959,0,0
124960,0,0
124961,1,1
124962,0,0
124963,2,1
124964,0,0
124965,0,0
124966,3,1
124967,3,1
124968,3,1
124969,7,1
124970,0,0
124971,0,0
124972,0,0
124973,3,1
124974,0,0
124975,4,1
124976,5,1
124977,6,1
124978,10,1
124979,0,0
124980,0,0
124981,0,0
124982,0,0
124983,0,0
124984,0,0
124985,2,1
124986,3,1
124987,5,1
124988,0,0
124989,2,1
124990,0,0
124991,0,0
124992,2,1
124993,0,0
124994,0,0
124995,0,0
124996,1,1
124997,4,1
124998,3,1
124999,11,1
125000,0,0
125001,0,0
125002,8,1
125003,1,1
125004,4,1
125005,0,0
125006,0,0
125007,0,0
125008,5,1
125009,0,0
125010,0,0
125011,0,0
125012,0,0
125013,0,0
125014,0,0
125015,0,0
125016,0,0
125017,0,0
125018,0,0
125019,9,1
125020,90,1
125021,0,0
125022,3,1
125023,0,0
125024,0,0
125025,0,0
125026,0,0
125027,0,0
125028,0,0
125029,0,0
125030,0,0
125031,0,0
125032,0,0
125033,0,0
125034,0,0
125035,0,0
125036,0,0
125037,0,0
125038,8,1
125039,0,0
125040,0,0
125041,3,1
125042,5,1
125043,3,1
125044,0,0
125045,3,1
125046,0,0
125047,0,0
125048,0,0
125050,0,0
125051,0,0
125052,6,1
125053,0,0
125054,0,0
125055,0,0
125056,0,0
125057,0,0
125058,154,1
125059,0,0
125060,432,1
125061,4,1
125062,8,1
125063,0,0
125064,0,0
125065,-1,0
125069,5,1
125070,7,1
125072,0,0
125073,3,1
125074,6,1
125075,2,1
125076,8,1
125077,2,1
125078,4,1
125079,8,1
125080,3,1
125081,3,1
125082,4,1
125083,3,1
125084,3,1
125085,4,1
125086,3,1
125087,2,1
125088,0,0
125089,0,0
125090,0,0
125091,0,0
125092,0,0
125094,0,0
125095,0,0
125096,6,1
125097,1,1
125099,0,0
125100,4,1
125101,3,1
125102,3,1
125103,3,1
125104,0,0
125105,2,1
125106,0,0
125107,0,0
125108,0,0
125109,3,1
125110,-1,0
125111,2,1
125112,8708,1
125114,4,1
125115,0,0
125116,0,0
125117,0,0
125118,4,1
125119,3,1
125120,3,1
125121,0,0
125123,0,0
125125,0,0
125126,247,1
125127,0,0
125128,0,0
125129,0,0
125130,0,0
125131,3,1
125132,0,0
125133,0,0
125134,0,0
125135,0,0
125136,0,0
125140,0,0
125141,0,0
125142,-1,0
125143,0,0
125144,0,0
125145,0,0
125146,0,0
125147,0,0
125148,0,0
125149,0,0
125150,0,0
125151,0,0
125152,0,0
125153,0,0
125154,0,0
125155,0,0
125156,0,0
125157,0,0
125158,0,0
125159,0,0
125160,0,0
125161,0,0
125162,0,0
125163,0,0
125164,0,0
125165,0,0
125166,0,0
125167,0,0
125168,0,0
125169,0,0
125170,0,0
125171,0,0
125172,0,0
125176,0,0
125177,0,0
125178,3,1
125179,13,1
125180,0,0
125181,0,0
125182,5,1
125183,0,0
125184,2,1
125185,0,0
125186,0,0
125187,0,0
125188,0,0
125189,0,0
125190,0,0
125192,0,0
125193,0,0
125194,0,0
125195,41,1
125196,0,0
125197,0,0
125198,0,0
125199,0,0
125200,0,0
125201,0,0
125202,0,0
125203,0,0
125204,0,0
125205,0,0
125206,0,0
125207,0,0
125208,0,0
125209,0,0
125210,0,0
125211,0,0
125212,7,1
125213,0,0
125215,0,0
125216,-1,0
125217,0,0
125218,0,0
125219,0,0
125220,0,0
125221,0,0
125222,0,0
125223,0,0
125224,0,0
125225,0,0
125226,0,0
125227,0,0
125228,0,0
125229,0,0
125230,0,0
125231,0,0
125232,0,0
125233,0,0
125234,0,0
125235,1,1
125236,0,0
125237,0,0
125238,0,0
125239,0,0
125240,-44,0
125241,0,0
125242,0,0
125243,0,0
125244,0,0
125245,0,0
125246,0,0
125247,0,0
125248,0,0
125249,0,0
125250,0,0
125251,0,0
125252,0,0
125253,0,0
125254,6,1
125255,10,1
125256,1,1
125257,4,1
125258,0,0
125259,3,1
125260,0,0
125261,0,0
125262,0,0
125263,0,0
125264,0,0
125265,3,1
125266,3,1
125267,415,1
125268,346,1
125269,0,0
125270,8,1
125271,4,1
125272,10,1
125273,0,0
125274,3,1
125275,0,0
125276,0,0
125277,0,0
125278,0,0
125279,0,0
125280,0,0
125281,0,0
125282,0,0
125283,0,0
125284,0,0
125285,0,0
125286,0,0
125287,0,0
125288,0,0
125289,0,0
125290,0,0
125291,0,0
125292,0,0
125293,0,0
125294,0,0
125295,0,0
125296,0,0
125297,0,0
125298,0,0
125299,0,0
125300,0,0
125301,9,1
125302,0,0
125303,0,0
125304,0,0
125305,0,0
125306,0,0
125307,0,0
125308,0,0
125309,0,0
125310,0,0
125311,0,0
125312,0,0
125313,0,0
125314,0,0
125315,0,0
125316,0,0
125317,0,0
125318,3,1
125319,0,0
125320,0,0
125321,0,0
125322,0,0
125323,0,0
125324,0,0
125325,0,0
125326,0,0
125327,0,0
125328,1,1
125329,0,0
125330,0,0
125331,0,0
125332,0,0
125333,0,0
125334,0,0
125335,0,0
125336,0,0
125337,0,0
125338,0,0
125339,0,0
125340,0,0
125341,0,0
125342,0,0
125343,0,0
125344,0,0
125345,22,1
125346,5,1
125347,4,1
125348,11,1
125349,0,0
125350,0,0
125351,0,0
125352,0,0
125353,0,0
125354,0,0
125355,0,0
125356,0,0
125357,0,0
125358,0,0
125359,16,1
125360,9,1
125361,0,0
125362,0,0
125363,3,1
125364,3,1
125365,3,1
125366,0,0
125367,0,0
125368,0,0
125369,0,0
125370,0,0
125371,0,0
125373,0,0
125374,0,0
125375,0,0
125376,0,0
125377,0,0
125378,0,0
125379,0,0
125380,3,1
125381,0,0
125382,0,0
125383,0,0
125384,0,0
125385,0,0
125386,0,0
125387,4,1
125388,0,0
125389,3,1
125390,0,0
125391,0,0
125392,0,0
125393,0,0
125394,0,0
125395,0,0
125396,0,0
125397,0,0
125398,0,0
125399,0,0
125400,0,0
125401,4,1
125402,0,0
125403,0,0
125404,6,1
125405,0,0
125406,0,0
125407,0,0
125408,3,1
125409,2,1
125410,0,0
125411,0,0
125412,0,0
125413,0,0
125414,0,0
125415,0,0
125416,0,0
125417,0,0
125418,0,0
125419,0,0
125420,0,0
125421,0,0
125422,0,0
125423,0,0
125424,0,0
125425,0,0
125426,5,1
125427,0,0
125428,0,0
125429,0,0
125430,0,0
125431,0,0
125432,0,0
125433,3,1
125434,0,0
125435,3,1
125436,0,0
125437,1,1
125438,8,1
125439,0,0
125440,0,0
125441,0,0
125442,0,0
125443,0,0
125444,0,0
125445,0,0
125446,0,0
125447,0,0
125448,0,0
125449,0,0
125450,6,1
125451,0,0
125452,0,0
125453,2,1
125454,0,0
125455,0,0
125456,0,0
125457,0,0
125458,0,0
125459,3,1
125460,3,1
125461,0,0
125462,0,0
125463,0,0
125464,0,0
125465,0,0
125466,0,0
125467,6,1
125468,0,0
125469,0,0
125470,0,0
125471,0,0
125472,0,0
125473,0,0
125474,0,0
125475,0,0
125476,0,0
125477,0,0
125478,36,1
125479,56,1
125480,1,1
125481,22,1
125482,0,0
125483,0,0
125484,0,0
125485,0,0
125486,0,0
125487,0,0
125488,0,0
125489,19,1
125490,0,0
125491,0,0
125492,19,1
125493,0,0
125494,0,0
125495,0,0
125496,0,0
125497,4,1
125498,0,0
125499,23,1
125500,3,1
125501,0,0
125502,13,1
125503,24,1
125504,40,1
125505,0,0
125506,13,1
125507,26,1
125508,3,1
125509,23,1
125510,0,0
125511,16,1
125512,0,0
125513,3,1
125514,0,0
125515,0,0
125516,2,1
125517,23,1
125518,0,0
125519,0,0
125520,0,0
125521,0,0
125522,57,1
125523,0,0
125524,0,0
125525,0,0
125526,3,1
125527,30,1
125528,0,0
125529,21,1
125530,0,0
125531,0,0
125532,12,1
125533,3,1
125534,0,0
125535,0,0
125536,0,0
125537,0,0
125538,0,0
125539,0,0
125540,0,0
125541,0,0
125542,0,0
125543,0,0
125544,0,0
125545,0,0
125546,0,0
125547,0,0
125548,0,0
125549,0,0
125551,0,0
125553,0,0
125556,0,0
125557,0,0
125558,0,0
125559,0,0
125560,0,0
125561,0,0
125562,5,1
125564,3,1
125565,0,0
125566,0,0
126308,0,0
126309,0,0
126310,0,0
126311,0,0
126312,0,0
127137,0,0
127138,0,0
127139,0,0
127140,0,0
127141,0,0
127142,0,0
127143,0,0
127144,0,0
127145,0,0
127146,0,0
127147,0,0
127148,0,0
127149,0,0
127150,0,0
127151,0,0
127152,0,0
127153,0,0
127154,0,0
127155,0,0
127156,0,0
127157,0,0
127158,0,0
127159,0,0
127160,0,0
127161,0,0
127162,0,0
127163,0,0
127164,0,0
127165,0,0
127166,0,0
127167,0,0
127168,0,0
127169,0,0
127170,0,0
127171,0,0
127172,0,0
127173,1,1
127174,0,0
127175,0,0
127176,0,0
127177,0,0
127178,0,0
127179,0,0
127180,0,0
127181,0,0
127182,0,0
127183,0,0
127184,0,0
127185,0,0
127186,0,0
127187,0,0
127188,0,0
127189,0,0
127190,0,0
127254,0,0
127255,0,0
127256,0,0
127257,0,0
127258,0,0
127259,0,0
127260,0,0
127261,0,0
127262,0,0
127263,0,0
127264,0,0
127265,0,0
127266,0,0
127267,0,0
127268,0,0
127269,0,0
127270,0,0
127271,0,0
127272,0,0
127273,0,0
127274,4,1
127275,4,1
127276,0,0
127277,0,0
127278,0,0
127279,0,0
127280,0,0
127281,0,0
127282,0,0
127283,0,0
127284,0,0
127285,0,0
127286,0,0
127287,0,0
127288,0,0
127289,0,0
127290,0,0
127291,0,0
127292,0,0
127293,1,1
127294,0,0
127295,0,0
127296,0,0
127297,0,0
127298,0,0
127299,0,0
127300,1,1
127301,0,0
127302,0,0
127303,0,0
127304,0,0
127305,0,0
127306,0,0
127307,0,0
127308,0,0
127309,0,0
127310,0,0
127311,0,0
127312,0,0
127313,0,0
127314,0,0
127317,0,0
127318,0,0
127319,0,0
127320,0,0
127321,0,0
127322,0,0
127323,0,0
127324,0,0
127325,0,0
127326,0,0
127327,0,0
127328,0,0
127329,0,0
127330,0,0
127331,0,0
127332,0,0
127333,0,0
127334,0,0
127335,0,0
127336,0,0
127337,0,0
127338,0,0
127339,0,0
127340,0,0
127341,0,0
127342,0,0
127343,0,0
127344,0,0
127345,0,0
127346,0,0
127347,0,0
127348,0,0
127349,0,0
127350,0,0
127351,0,0
127352,0,0
127353,0,0
127354,0,0
127355,0,0
127356,0,0
127357,0,0
127358,3,1
127359,0,0
127360,0,0
127361,0,0
127362,0,0
127363,0,0
127364,0,0
127365,0,0
127366,0,0
127367,0,0
127368,0,0
127369,0,0
127370,0,0
127371,3,1
127372,0,0
127373,0,0
127374,0,0
127375,0,0
127376,0,0
127377,0,0
127378,0,0
127379,0,0
127380,0,0
127381,0,0
127382,0,0
127383,0,0
127384,0,0
127385,0,0
127386,0,0
127387,0,0
127388,0,0
127389,0,0
127390,0,0
127391,1,1
127392,0,0
127393,0,0
127394,0,0
127395,0,0
127396,0,0
127397,0,0
127398,0,0
127399,0,0
127400,0,0
127401,0,0
127402,0,0
127403,0,0
127404,0,0
127405,0,0
127406,0,0
127407,0,0
127408,0,0
127409,0,0
127410,0,0
127411,0,0
127412,4,1
127413,0,0
127414,3,1
127415,0,0
127416,0,0
127417,0,0
127418,0,0
127419,0,0
127420,0,0
127421,0,0
127422,0,0
127423,1,1
127424,0,0
127425,0,0
127426,0,0
127427,0,0
127428,0,0
127429,0,0
127430,0,0
127431,0,0
127432,0,0
127433,0,0
127434,0,0
127435,0,0
127436,0,0
127437,0,0
127438,0,0
127439,0,0
127440,1,1
127441,0,0
127442,0,0
127443,0,0
127444,0,0
127445,0,0
127446,0,0
127447,0,0
127448,0,0
127449,0,0
127450,0,0
127451,0,0
127452,0,0
127453,0,0
127454,0,0
127455,0,0
127456,0,0
127457,0,0
127458,0,0
127459,0,0
127460,0,0
127461,0,0
127462,0,0
127463,0,0
127464,0,0
127465,0,0
127466,0,0
127467,0,0
127468,0,0
127469,0,0
127470,0,0
127471,0,0
127472,0,0
127473,0,0
127474,0,0
127475,0,0
127476,0,0
127477,0,0
127478,11,1
127479,8,1
127480,0,0
127481,6,1
127482,10,1
127483,7,1
127484,0,0
127485,0,0
127486,0,0
127487,0,0
127488,0,0
127489,0,0
127490,0,0
127491,0,0
127492,3,1
127493,3,1
127494,0,0
127495,0,0
127496,0,0
127497,0,0
127498,0,0
127499,0,0
127500,0,0
127501,0,0
127502,0,0
127503,0,0
127504,0,0
127505,0,0
127506,0,0
127507,0,0
127508,0,0
127509,0,0
127510,0,0
127511,0,0
127512,0,0
127513,5,1
127514,0,0
127515,0,0
127516,0,0
127517,0,0
127518,0,0
127519,0,0
127520,0,0
127521,0,0
127522,0,0
127523,0,0
127524,0,0
127525,0,0
127526,0,0
127527,0,0
127528,0,0
127529,0,0
127530,0,0
127531,0,0
127532,0,0
127533,0,0
127534,0,0
127535,0,0
127536,0,0
127537,0,0
127538,0,0
127539,0,0
127540,0,0
127541,0,0
127542,0,0
127543,0,0
127544,0,0
127545,0,0
127546,0,0
127547,0,0
127548,0,0
127549,0,0
127550,0,0
127551,0,0
127552,0,0
127553,0,0
127554,0,0
127555,0,0
127556,0,0
127557,0,0
127558,0,0
127559,0,0
127560,0,0
127561,0,0
127562,0,0
127563,0,0
127564,0,0
127565,0,0
127566,0,0
127567,0,0
127568,0,0
127569,0,0
127570,0,0
127571,0,0
127572,0,0
127573,3,1
127574,10,1
127575,0,0
127576,0,0
127577,0,0
127578,8,1
127579,0,0
127580,0,0
127581,0,0
127582,0,0
127583,0,0
127584,0,0
127585,0,0
127586,0,0
127587,0,0
127588,0,0
127589,0,0
127590,0,0
127591,0,0
127592,0,0
127593,0,0
127594,0,0
127595,0,0
127596,134,1
127597,0,0
127598,0,0
127599,0,0
127600,0,0
127601,0,0
127602,70,1
127603,12,1
127604,0,0
127605,0,0
127606,0,0
127607,0,0
127608,16,1
127609,0,0
127610,0,0
127611,0,0
127612,0,0
127613,0,0
127614,0,0
127615,0,0
127616,108,1
127617,0,0
127618,0,0
127619,40,1
127620,9,1
127621,0,0
127622,0,0
127623,4,1
127624,6,1
127625,0,0
127626,5,1
127627,0,0
127628,0,0
127629,0,0
127630,0,0
127631,0,0
127632,0,0
127633,0,0
127634,0,0
127635,0,0
127636,0,0
127637,0,0
127638,0,0
127639,0,0
127640,0,0
127641,0,0
127642,0,0
127643,3,1
127644,3,1
127645,3,1
127646,5,1
127647,0,0
127648,0,0
127649,5,1
127650,0,0
127651,0,0
127652,0,0
127653,0,0
127654,0,0
127655,0,0
127656,370,1
127657,0,0
127658,0,0
127659,0,0
127660,240,1
127661,0,0
127662,0,0
127663,0,0
127664,0,0
127665,0,0
127666,0,0
127667,3,1
127668,0,0
127669,0,0
127670,-5,0
127671,0,0
127672,0,0
127673,0,0
127674,0,0
127675,0,0
127676,0,0
127678,0,0
127679,0,0
127680,3414,1
127681,0,0
127682,0,0
127683,0,0
127684,13,1
127685,0,0
127686,0,0
127688,0,0
127689,0,0
127691,0,0
127692,0,0
127693,11,1
127694,0,0
127695,0,0
127696,23,1
127697,0,0
127698,0,0
127699,5,1
127700,5,1
127701,3,1
127702,4,1
127703,4,1
127704,-2,0
127705,0,0
127707,0,0
127708,0,0
127709,0,0
127710,0,0
127711,0,0
127712,0,0
127713,4,1
127714,0,0
127715,0,0
127716,0,0
127717,0,0
127718,6,1
127719,0,0
127720,0,0
127721,6,1
127722,1,1
127723,25,1
127724,0,0
127725,0,0
127726,0,0
127727,0,0
127728,0,0
127729,0,0
127730,0,0
127731,0,0
127732,0,0
127733,0,0
127734,0,0
127735,0,0
127736,0,0
127740,0,0
127741,0,0
127743,0,0
127744,0,0
127745,0,0
127746,0,0
127747,0,0
127748,0,0
127749,0,0
127750,0,0
127751,0,0
127752,0,0
127753,0,0
127754,0,0
127755,0,0
127756,0,0
127757,0,0
127758,0,0
127759,0,0
127760,0,0
127761,4,1
127762,0,0
127763,0,0
127764,3,1
127765,0,0
127766,3,1
127767,4,1
127768,20,1
127769,51,1
127770,0,0
127771,11,1
127772,0,0
127773,12,1
127774,0,0
127775,-5,0
127776,0,0
127777,2,1
127778,2,1
127779,0,0
127780,4,1
127781,494,1
127782,11,1
127783,0,0
127784,0,0
127785,0,0
127786,0,0
127787,0,0
127788,0,0
127789,0,0
127790,0,0
127791,0,0
127792,0,0
127793,0,0
127794,0,0
127795,0,0
127796,0,0
127797,0,0
127798,0,0
127799,0,0
127800,0,0
127801,27,1
127802,3,1
127803,0,0
127804,0,0
127805,0,0
127806,0,0
127807,0,0
127808,0,0
127809,0,0
127810,0,0
127811,0,0
127812,0,0
127813,0,0
127814,0,0
127815,3,1
127816,6,1
127817,0,0
127819,2,1
127820,2,1
127821,0,0
127822,0,0
127823,2,1
127824,4,1
127825,0,0
127826,0,0
127827,15,1
127828,7,1
127829,0,0
127830,0,0
127831,0,0
127832,0,0
127833,0,0
127834,0,0
127835,0,0
127836,0,0
127837,0,0
127838,0,0
127839,0,0
127840,0,0
127841,0,0
127842,0,0
127843,0,0
127844,0,0
127845,0,0
127846,25,1
127847,0,0
127848,0,0
127849,0,0
127850,7,1
127851,4,1
127852,28,1
127853,135,1
127854,0,0
127855,0,0
127856,0,0
127857,0,0
127858,0,0
127859,0,0
127860,0,0
127861,8,1
127862,8,1
127863,2,1
127864,0,0
127865,0,0
127866,0,0
127867,5,1
127868,0,0
127869,0,0
127870,0,0
127871,0,0
127872,24,1
127873,0,0
127874,0,0
127875,0,0
127876,15,1
127877,0,0
127878,0,0
127879,0,0
127880,0,0
127881,0,0
127882,0,0
127883,0,0
127884,0,0
127885,0,0
127886,0,0
127887,0,0
127888,8,1
127889,0,0
127890,0,0
127891,0,0
127892,0,0
127893,346,1
127894,0,0
127895,0,0
127896,0,0
127897,0,0
127898,0,0
127899,0,0
127900,0,0
127901,0,0
127902,0,0
127903,0,0
127904,0,0
127905,0,0
127906,0,0
127907,0,0
127908,0,0
127909,0,0
127910,0,0
127911,0,0
127912,6,1
127913,4,1
127914,0,0
127915,0,0
127916,0,0
127917,0,0
127918,0,0
127919,0,0
127920,0,0
127921,0,0
127922,0,0
127923,19,1
127924,0,0
127925,7,1
127928,0,0
127929,0,0
127932,0,0
127933,0,0
127936,0,0
127937,0,0
127938,49,1
127939,0,0
127940,13,1
127941,0,0
127942,6,1
127943,0,0
127944,0,0
127945,1,1
127946,0,0
127947,0,0
127948,0,0
127949,2,1
127950,0,0
127951,0,0
127952,0,0
127953,2,1
127954,3,1
127955,0,0
127956,1,1
127957,3,1
127958,0,0
127959,0,0
127960,0,0
127961,0,0
127962,0,0
127963,2,1
127964,2,1
127965,0,0
127966,0,0
127967,0,0
127968,0,0
127969,0,0
127970,0,0
127971,3,1
127972,0,0
127973,0,0
127974,0,0
127975,1,1
127976,2,1
127977,0,0
127978,12,1
127979,36,1
127980,0,0
127981,3,1
127982,0,0
127983,0,0
127984,0,0
127985,0,0
127986,0,0
127987,0,0
127988,0,0
127989,0,0
127990,0,0
127991,6,1
127992,14,1
127993,5,1
127994,4,1
127995,0,0
127996,0,0
127997,0,0
127998,0,0
127999,9,1
128000,11,1
128001,14,1
128002,0,0
128003,0,0
128004,0,0
128005,0,0
128006,0,0
128007,0,0
128008,0,0
128009,0,0
128010,0,0
128011,0,0
128012,0,0
128013,0,0
128014,0,0
128015,4,1
128016,17,1
128017,11,1
128018,33,1
128019,0,0
128020,0,0
128021,0,0
128022,3,1
128023,3,1
128024,2,1
128025,7,1
128026,0,0
128027,8,1
128028,9,1
128029,5,1
128030,4,1
128031,9,1
128032,20,1
128033,0,0
128034,0,0
128035,0,0
128036,0,0
128037,0,0
128038,0,0
128039,0,0
128040,0,0
128041,0,0
128042,0,0
128043,2,1
128044,0,0
128045,0,0
128046,0,0
128047,0,0
128048,0,0
128049,0,0
128050,0,0
128051,0,0
128052,0,0
128053,0,0
128054,0,0
128055,0,0
128056,0,0
128057,0,0
128058,0,0
128059,20,1
128060,9,1
128061,0,0
128062,0,0
128063,0,0
128064,0,0
128065,0,0
128066,0,0
128067,0,0
128068,0,0
128069,0,0
128070,0,0
128071,0,0
128072,64,1
128073,0,0
128074,0,0
128075,80,1
128076,0,0
128077,0,0
128078,0,0
128079,0,0
128080,0,0
128081,0,0
128082,0,0
128083,0,0
128084,0,0
128085,4,1
128086,5,1
128087,0,0
128088,0,0
128089,0,0
128090,0,0
128091,0,0
128092,0,0
128093,0,0
128094,0,0
128095,0,0
128096,0,0
128097,0,0
128098,0,0
128099,0,0
128100,0,0
128101,0,0
128102,0,0
128103,0,0
128104,0,0
128105,0,0
128106,0,0
128107,0,0
128108,0,0
128109,0,0
128110,0,0
128111,0,0
128112,10,1
128113,3,1
128114,0,0
128115,3,1
128116,8,1
128117,7,1
128118,0,0
128119,0,0
128120,0,0
128121,0,0
128122,0,0
128123,10,1
128124,0,0
128125,0,0
128126,0,0
128127,0,0
128128,0,0
128129,0,0
128130,0,0
128131,0,0
128132,6,1
128133,3,1
128134,0,0
128135,0,0
128136,0,0
128137,0,0
128138,0,0
128139,0,0
128140,0,0
128141,0,0
128142,0,0
128143,0,0
128144,0,0
128145,0,0
128146,0,0
128147,0,0
128148,0,0
128149,31,1
128150,24,1
128151,32,1
128152,0,0
128153,2,1
128154,0,0
128155,2,1
128156,2,1
128157,0,0
128158,0,0
128159,-4,0
128160,0,0
128161,0,0
128162,0,0
128163,0,0
128164,2,1
128165,3,1
128166,2,1
128167,0,0
128168,4,1
128169,0,0
128170,3,1
128171,0,0
128172,0,0
128173,0,0
128174,7,1
128175,0,0
128176,30,1
128177,0,0
128178,0,0
128179,0,0
128180,0,0
128181,0,0
128182,0,0
128183,0,0
128184,469,1
128185,7,1
128186,0,0
128187,0,0
128188,11,1
128189,13,1
128190,557,1
128191,578,1
128192,46,1
128193,48,1
128194,0,0
128195,0,0
128196,0,0
128197,-1745,0
128198,30,1
128199,0,0
128200,2,1
128201,0,0
128202,0,0
128203,0,0
128204,0,0
128205,24,1
128206,2,1
128207,-1,0
128208,0,0
128209,0,0
128210,0,0
128211,0,0
128212,0,0
128213,0,0
128214,0,0
128215,0,0
128216,3,1
128217,0,0
128218,11,1
128219,0,0
128220,0,0
128221,33,1
128222,50,1
128223,27,1
128224,52,1
128225,51,1
128226,0,0
128227,0,0
128228,0,0
128229,48,1
128230,100,1
128231,0,0
128232,0,0
128233,0,0
128234,0,0
128235,0,0
128236,0,0
128237,0,0
128238,0,0
128239,0,0
128240,0,0
128241,0,0
128242,0,0
128243,0,0
128244,0,0
128245,0,0
128246,0,0
128247,0,0
128248,0,0
128249,0,0
128250,0,0
128251,0,0
128252,0,0
128253,0,0
128254,0,0
128255,0,0
128256,0,0
128257,0,0
128258,0,0
128259,0,0
128260,0,0
128261,0,0
128262,0,0
128263,0,0
128264,0,0
128265,23,1
128266,0,0
128267,0,0
128268,86,1
128269,97,1
128270,158,1
128271,115,1
128272,0,0
128273,0,0
128274,24,1
128275,-3,0
128276,0,0
128277,0,0
128278,0,0
128279,2,1
128280,4,1
128281,3,1
128282,3,1
128283,0,0
128284,11,1
128285,0,0
128286,0,0
128287,0,0
128288,0,0
128289,0,0
128290,0,0
128291,0,0
128292,0,0
128293,0,0
128294,2,1
128295,2,1
128296,0,0
128297,0,0
128298,0,0
128299,0,0
128300,0,0
128301,0,0
128302,0,0
128303,0,0
128304,0,0
128305,0,0
128306,0,0
128307,0,0
128308,0,0
128309,0,0
128310,0,0
128311,0,0
128312,0,0
128313,0,0
128314,2,1
128315,3,1
128316,4,1
128317,0,0
128318,0,0
128319,0,0
128320,0,0
128321,0,0
128322,0,0
128323,0,0
128324,0,0
128325,0,0
128326,0,0
128327,1,1
128328,2,1
128329,4,1
128330,0,0
128331,0,0
128332,6,1
128333,5,1
128334,0,0
128335,0,0
128336,3,1
128337,3,1
128338,0,0
128339,4,1
128340,0,0
128341,0,0
128342,0,0
128343,0,0
128344,23,1
128345,29,1
128346,51,1
128347,0,0
128348,0,0
128349,10,1
128350,2,1
128351,0,0
128352,0,0
128353,1,1
128354,0,0
128355,0,0
128356,0,0
128357,5,1
128358,4,1
128359,5,1
128360,5,1
128361,0,0
128362,0,0
128363,5,1
128364,0,0
128365,6,1
128366,2,1
128367,6,1
128368,5,1
128369,6,1
128370,2,1
128371,11,1
128372,4,1
128373,4,1
128374,0,0
128375,0,0
128376,0,0
128377,0,0
128378,0,0
128379,0,0
128380,0,0
128381,0,0
128382,0,0
128383,4,1
128384,0,0
128385,0,0
128386,0,0
128387,0,0
128388,0,0
128389,0,0
128390,0,0
128391,0,0
128392,0,0
128393,0,0
128394,0,0
128395,0,0
128396,0,0
128397,0,0
128398,0,0
128399,0,0
128400,0,0
128401,0,0
128402,0,0
128403,0,0
128404,0,0
128405,0,0
128406,0,0
128407,0,0
128408,0,0
128409,0,0
128410,2,1
128411,3,1
128412,0,0
128413,0,0
128414,0,0
128415,0,0
128416,0,0
128417,0,0
128418,0,0
128419,0,0
128420,0,0
128421,0,0
128422,0,0
128423,2,1
128424,3,1
128425,2,1
128426,4,1
128427,0,0
128428,3,1
128429,0,0
128430,4,1
128431,3,1
128432,0,0
128433,4,1
128434,-2,0
128435,2,1
128436,22,1
128437,8,1
128438,3,1
128439,6,1
128440,6,1
128441,3,1
128442,0,0
128443,0,0
128444,0,0
128445,0,0
128446,0,0
128447,0,0
128448,0,0
128449,0,0
128450,0,0
128451,0,0
128452,0,0
128453,0,0
128454,0,0
128455,0,0
128456,4,1
128457,0,0
128458,0,0
128459,0,0
128460,0,0
128461,0,0
128462,0,0
128463,0,0
128464,0,0
128465,0,0
128466,0,0
128467,0,0
128468,0,0
128469,0,0
128470,0,0
128471,3,1
128472,3,1
128473,7,1
128474,2,1
128475,3,1
128476,3,1
128477,3,1
128478,3,1
128479,0,0
128480,0,0
128481,0,0
128482,0,0
128483,24,1
128484,0,0
128485,0,0
128486,0,0
128487,0,0
128488,0,0
128489,0,0
128490,0,0
128491,0,0
128492,0,0
128493,6,1
128494,0,0
128495,0,0
128496,0,0
128497,0,0
128498,0,0
128499,0,0
128500,0,0
128501,0,0
128502,0,0
128503,2,1
128504,5,1
128505,0,0
128506,0,0
128507,7,1
128508,12,1
128509,0,0
128510,0,0
128511,0,0
128512,0,0
128513,1,1
128514,3,1
128515,0,0
128516,0,0
128517,0,0
128518,13,1
128519,0,0
128520,0,0
128521,5,1
128522,12,1
128523,0,0
128524,0,0
128525,0,0
128526,0,0
128527,0,0
128528,0,0
128529,0,0
128530,10,1
128531,0,0
128532,0,0
128533,0,0
128534,0,0
128535,0,0
128536,0,0
128537,0,0
128538,0,0
128539,2,1
128540,0,0
128541,0,0
128542,0,0
128543,0,0
128544,0,0
128545,0,0
128546,0,0
128547,0,0
128548,0,0
128549,0,0
128550,0,0
128551,0,0
128552,0,0
128553,0,0
128554,0,0
128555,0,0
128556,0,0
128557,3,1
128558,6,1
128559,0,0
128560,1,1
128561,9,1
128562,8,1
128563,0,0
128564,15,1
128565,14,1
128566,14,1
128567,8,1
128568,5,1
128569,6,1
128570,5,1
128571,3,1
128572,7,1
128573,6,1
128574,6,1
128575,7,1
128576,8,1
128577,6,1
128578,6,1
128579,0,0
128580,0,0
128581,0,0
128582,6,1
128583,6,1
128584,8,1
128585,7,1
128586,0,0
128587,0,0
128588,0,0
128589,0,0
128590,12,1
128591,8,1
128592,0,0
128593,0,0
128594,0,0
128595,0,0
128596,40,1
128597,0,0
128598,0,0
128599,0,0
128600,0,0
128601,0,0
128602,0,0
128603,0,0
128604,0,0
128605,0,0
128606,0,0
128607,0,0
128608,0,0
128609,0,0
128610,0,0
128611,3,1
128612,0,0
128613,0,0
128614,-2,0
128615,0,0
128616,0,0
128617,0,0
128618,0,0
128619,0,0
128620,0,0
128621,2,1
128622,3,1
128623,2,1
128624,0,0
128625,6,1
128626,160,1
128627,8,1
128628,239,1
128629,199,1
128630,0,0
128631,0,0
128632,-5,0
128633,0,0
128634,0,0
128635,0,0
128636,0,0
128637,0,0
128638,0,0
128639,0,0
128640,0,0
128641,0,0
128642,0,0
128643,4,1
128644,3,1
128645,4,1
128646,0,0
128647,2,1
128648,8,1
128649,0,0
128650,2,1
128651,1,1
128652,0,0
128653,0,0
128654,0,0
128655,0,0
128656,0,0
128657,0,0
128658,0,0
128659,0,0
128660,0,0
128661,0,0
128662,0,0
128663,0,0
128664,0,0
128665,0,0
128666,0,0
128667,0,0
128668,0,0
128669,0,0
128670,0,0
128671,0,0
128672,0,0
128673,0,0
128674,0,0
128675,4,1
128676,3,1
128677,0,0
128678,0,0
128679,0,0
128680,0,0
128681,0,0
128682,90,1
128683,6,1
128684,3,1
128685,3,1
128686,0,0
128687,0,0
128688,0,0
128689,0,0
128690,1,1
128691,0,0
128692,0,0
128693,4,1
128694,4,1
128695,4,1
128696,50,1
128697,0,0
128698,0,0
128699,0,0
128700,0,0
128701,0,0
128702,171,1
128703,449,1
128704,34,1
128705,8,1
128706,4,1
128707,0,0
128708,0,0
128709,0,0
128710,0,0
128711,0,0
128712,0,0
128713,0,0
128714,1053,1
128715,526,1
128716,454,1
128717,502,1
128718,670,1
128719,345,1
128720,586,1
128721,584,1
128722,0,0
128723,0,0
128724,0,0
128725,0,0
128726,0,0
128727,0,0
128728,0,0
128729,0,0
128730,0,0
128731,0,0
128732,0,0
128733,0,0
128734,0,0
128735,0,0
128736,0,0
128737,0,0
128738,0,0
128739,1,1
128740,0,0
128741,0,0
128742,36,1
128743,0,0
128744,0,0
128745,0,0
128746,0,0
128747,1,1
128748,0,0
128749,0,0
128750,4,1
128751,3,1
128752,0,0
128753,0,0
128754,0,0
128755,390,1
128756,32,1
128757,294,1
128758,24,1
128759,0,0
128760,0,0
128761,0,0
128762,0,0
128763,1,1
128764,0,0
128765,0,0
128766,0,0
128767,0,0
128768,0,0
128769,0,0
128770,6,1
128771,1,1
128772,0,0
128773,0,0
128774,-1,0
128775,0,0
128776,0,0
128777,0,0
128778,0,0
128779,0,0
128780,0,0
128781,0,0
128782,0,0
128783,0,0
128784,0,0
128785,0,0
128786,0,0
128787,0,0
128788,0,0
128789,0,0
128790,0,0
128791,0,0
128792,0,0
128793,0,0
128794,0,0
128795,-1,0
128796,-1,0
128797,0,0
128798,0,0
128799,0,0
128800,0,0
128801,16,1
128802,0,0
128803,0,0
128804,0,0
128805,0,0
128806,0,0
128807,0,0
128808,0,0
128809,6,1
128810,2,1
128811,0,0
128812,0,0
128813,0,0
128814,0,0
128815,4,1
128816,3,1
128817,22,1
128818,0,0
128819,0,0
128820,9,1
128821,10,1
128822,0,0
128823,0,0
128824,0,0
128825,0,0
128826,0,0
128827,0,0
128828,0,0
128829,0,0
128830,0,0
128831,4,1
128832,0,0
128833,0,0
128834,0,0
128835,0,0
128836,0,0
128837,0,0
128838,0,0
128839,58,1
128840,5,1
128841,3,1
128842,3,1
128843,3,1
128844,3,1
128845,0,0
128848,0,0
128849,0,0
128850,0,0
128851,0,0
128852,0,0
128853,0,0
128854,0,0
128855,0,0
128856,0,0
128857,0,0
128858,0,0
128859,0,0
128860,3,1
128861,3,1
128862,0,0
128863,0,0
128864,0,0
128865,0,0
128867,0,0
128868,0,0
128869,0,0
128870,0,0
128871,0,0
128872,0,0
128873,8,1
128874,7,1
128875,0,0
128876,0,0
128877,6,1
128878,0,0
128879,0,0
128880,0,0
128881,0,0
128882,0,0
128883,3,1
128884,6,1
128885,0,0
128886,0,0
128887,0,0
128888,2,1
128889,0,0
128890,0,0
128891,0,0
128892,0,0
128893,0,0
128894,0,0
128895,0,0
128896,0,0
128897,0,0
128898,33,1
128899,0,0
128900,0,0
128901,0,0
128902,0,0
128903,3,1
128904,0,0
128905,20,1
128906,0,0
128907,2,1
128908,0,0
128909,0,0
128910,0,0
128911,0,0
128912,0,0
128913,2,1
128914,0,0
128915,0,0
128916,0,0
128917,0,0
128918,0,0
128919,0,0
128920,0,0
128921,0,0
128922,0,0
128923,0,0
128924,0,0
128925,0,0
128926,0,0
128927,0,0
128928,0,0
128929,0,0
128930,0,0
128931,0,0
128932,0,0
128933,0,0
128934,0,0
128935,0,0
128936,2,1
128937,0,0
128938,0,0
128939,0,0
128940,0,0
128941,0,0
128942,0,0
128943,0,0
128944,0,0
128945,0,0
128946,0,0
128947,0,0
128948,0,0
128949,-1,0
128950,0,0
128951,0,0
128952,7,1
128953,0,0
128954,0,0
128955,0,0
128956,0,0
128957,0,0
128958,0,0
128959,0,0
128960,0,0
128961,0,0
128962,0,0
128963,7,1
128964,106,1
128965,51,1
128966,11,1
128967,0,0
128968,8,1
128969,4,1
128970,0,0
128971,0,0
128972,17,1
128973,16,1
128974,23,1
128975,18,1
128976,177,1
128977,14,1
128978,11,1
128979,0,0
128980,1,1
128981,0,0
128982,0,0
128983,0,0
128984,0,0
128985,0,0
128986,0,0
128987,7,1
128988,5,1
128989,0,0
128990,0,0
128991,0,0
128992,0,0
128993,0,0
128994,0,0
128995,0,0
128996,0,0
128997,0,0
128998,0,0
128999,24,1
129000,0,0
129001,0,0
129002,0,0
129003,0,0
129004,0,0
129005,0,0
129006,0,0
129007,0,0
129008,0,0
129009,0,0
129010,0,0
129011,0,0
129012,0,0
129013,0,0
129014,3,1
129015,0,0
129016,0,0
129017,0,0
129018,0,0
129019,0,0
129020,0,0
129021,0,0
129022,0,0
129023,6,1
129024,10,1
129025,346,1
129026,448,1
129027,0,0
129028,0,0
129029,0,0
129030,0,0
129031,0,0
129032,0,0
129033,0,0
129034,0,0
129035,0,0
129036,2,1
129037,3,1
129038,4,1
129039,3,1
129040,7,1
129041,6,1
129042,-1,0
129043,0,0
129044,2,1
129045,5,1
129046,15,1
129047,5,1
129048,2,1
129049,3,1
129050,4,1
129051,4,1
129052,1,1
129053,3,1
129054,0,0
129055,1,1
129056,173,1
129057,470,1
129058,57,1
129059,0,0
129060,0,0
129061,0,0
129062,0,0
129063,0,0
129064,0,0
129065,0,0
129066,0,0
129067,0,0
129068,0,0
129069,0,0
129070,0,0
129071,0,0
129072,0,0
129073,0,0
129074,0,0
129075,0,0
129076,0,0
129077,0,0
129078,0,0
129079,0,0
129080,0,0
129081,0,0
129082,0,0
129083,0,0
129084,0,0
129085,0,0
129086,0,0
129087,0,0
129088,3,1
129089,0,0
129090,3,1
129091,8,1
129092,8,1
129093,3,1
129094,4,1
129095,4,1
129096,5,1
129097,0,0
129098,0,0
129099,0,0
129100,0,0
129101,0,0
129102,2,1
129103,0,0
129104,0,0
129105,0,0
129106,5,1
129107,3,1
129108,3,1
129109,5,1
129110,0,0
129111,10,1
129112,7,1
129113,35,1
129114,5,1
129115,4,1
129116,4,1
129117,2,1
129118,0,0
129119,0,0
129120,-2,0
129121,0,0
129122,6,1
129123,0,0
129124,48,1
129125,4,1
129126,0,0
129127,2,1
129128,0,0
129129,0,0
129130,0,0
129131,0,0
129132,0,0
129133,1,1
129134,0,0
129135,2,1
129136,4069,1
129137,0,0
129138,0,0
129139,0,0
129140,6,1
129141,4,1
129142,2,1
129143,9,1
129144,8,1
129145,0,0
129146,0,0
129147,0,0
129148,0,0
129149,0,0
129150,0,0
129151,0,0
129152,88,1
129153,8,1
129154,0,0
129155,0,0
129156,0,0
129157,0,0
129158,0,0
129159,0,0
129160,0,0
129161,0,0
129162,0,0
129163,0,0
129164,0,0
129165,0,0
129166,0,0
129167,0,0
129168,0,0
129169,0,0
129170,2990,1
129171,0,0
129172,0,0
129173,11,1
129174,2,1
129175,3,1
129176,3,1
129177,4,1
129178,35,1
129179,0,0
129180,0,0
129181,0,0
129182,0,0
129183,6,1
129184,0,0
129185,2,1
129186,4,1
129187,3,1
129188,1,1
129189,0,0
129190,0,0
129191,0,0
129192,0,0
129193,0,0
129194,-1,0
129195,0,0
129196,0,0
129197,11,1
129198,3,1
129199,14,1
129200,3,1
129201,4,1
129202,6,1
129203,6,1
129204,2,1
129205,1,1
129206,4,1
129207,3,1
129208,0,0
129209,10,1
129210,9,1
129211,0,0
129212,0,0
129213,0,0
129214,0,0
129215,7,1
129216,0,0
129217,0,0
129218,0,0
129219,0,0
129220,0,0
129221,0,0
129222,0,0
129223,0,0
129224,0,0
129225,0,0
129226,0,0
129227,3,1
129228,0,0
129229,0,0
129230,0,0
129231,0,0
129232,0,0
129233,0,0
129234,0,0
129235,0,0
129236,0,0
129237,0,0
129238,0,0
129239,0,0
129240,0,0
129241,0,0
129242,2183,1
129243,115,1
129244,0,0
129245,0,0
129246,0,0
129247,0,0
129248,332,1
129249,1061,1
129250,59,1
129251,1,1
129252,0,0
129253,0,0
129254,5,1
129255,0,0
129256,0,0
129257,0,0
129258,6,1
129259,4,1
129260,4,1
129261,0,0
129262,0,0
129263,5,1
129264,7,1
129265,3,1
129266,0,0
129267,4,1
129268,4,1
129269,0,0
129270,1,1
129271,-2,0
129272,0,0
129273,0,0
129274,0,0
129275,5,1
129276,0,0
129277,0,0
129278,0,0
129279,0,0
129280,62,1
129281,43,1
129282,0,0
129283,0,0
129284,4,1
129285,175,1
129286,14,1
129287,0,0
129288,5,1
129289,0,0
129290,6,1
129291,44,1
129292,0,0
129293,0,0
129294,0,0
129295,0,0
129296,0,0
129297,0,0
129298,0,0
129299,0,0
129300,0,0
129301,0,0
129302,0,0
129303,3,1
129304,0,0
129305,0,0
129306,0,0
129307,0,0
129308,0,0
129309,0,0
129310,0,0
129311,31,1
129312,5,1
129313,14,1
129314,3,1
129315,2,1
129316,2,1
129317,6,1
129318,2,1
129319,36,1
129320,0,0
129321,0,0
129322,18,1
129323,0,0
129324,0,0
129325,0,0
129326,0,0
129327,0,0
129328,0,0
129329,0,0
129330,14,1
129331,19,1
129332,0,0
129333,0,0
129334,37,1
129335,0,0
129336,0,0
129337,0,0
129338,0,0
129339,0,0
129340,0,0
129341,0,0
129342,0,0
129343,0,0
129344,0,0
129345,0,0
129346,0,0
129347,0,0
129348,34,1
129349,0,0
129350,0,0
129351,0,0
129352,0,0
129353,562,1
129354,0,0
129355,0,0
129356,0,0
129357,0,0
129358,0,0
129359,0,0
129360,63,1
129361,99,1
129362,90,1
129363,4,1
129364,0,0
129365,0,0
129366,0,0
129367,0,0
129368,0,0
129369,0,0
129370,0,0
129371,3,1
129372,0,0
129373,0,0
129374,0,0
129375,0,0
129376,17975,1
129377,942,1
129378,0,0
129379,0,0
129380,71,1
129381,20,1
129382,0,0
129383,2,1
129384,0,0
129385,5,1
129386,57,1
129387,523,1
129388,87,1
129389,43,1
129390,4,1
129391,2,1
129392,0,0
129393,0,0
129394,0,0
129395,0,0
129396,0,0
129397,0,0
129398,0,0
129399,0,0
129400,2,1
129401,3,1
129402,0,0
129403,0,0
129404,0,0
129405,0,0
129406,0,0
129407,1,1
129408,4,1
129409,106,1
129410,88,1
129411,206,1
129412,0,0
129413,131,1
129414,0,0
129415,0,0
129416,0,0
129417,0,0
129418,0,0
129419,0,0
129420,0,0
129421,1,1
129422,0,0
129423,0,0
129424,0,0
129425,0,0
129426,0,0
129427,0,0
129428,0,0
129429,10,1
129430,9,1
129431,6,1
129432,6,1
129433,0,0
129434,0,0
129435,0,0
129436,29,1
129437,0,0
129438,0,0
129439,8,1
129440,0,0
129441,0,0
129442,0,0
129443,0,0
129444,0,0
129445,0,0
129446,0,0
129447,0,0
129448,0,0
129449,0,0
129450,0,0
129451,0,0
129452,0,0
129453,0,0
129454,3,1
129455,0,0
129456,0,0
129457,3,1
129458,0,0
129459,8,1
129460,0,0
129461,0,0
129462,0,0
129463,24,1
129464,2,1
129465,36,1
129466,3,1
129467,36,1
129468,3,1
129469,36,1
129470,3,1
129471,12,1
129472,1,1
129473,49,1
129474,4,1
129475,0,0
129476,0,0
129477,0,0
129478,0,0
129479,2,1
129480,0,0
129481,5,1
129482,0,0
129483,0,0
129484,0,0
129485,0,0
129486,375,1
129487,156,1
129488,135,1
129489,106,1
129490,0,0
129491,260,1
129492,25,1
129493,0,0
129494,0,0
129495,0,0
129496,0,0
129497,0,0
129498,128,1
129500,10,1
129501,4,1
129502,52,1
129503,0,0
129504,0,0
129505,0,0
129506,0,0
129507,0,0
129508,48,1
129509,4,1
129510,151,1
129511,124,1
129512,10,1
129513,12,1
129514,2,1
129515,10,1
129516,25,1
129517,21,1
129518,7,1
129519,3,1
129520,0,0
129521,12,1
129522,10,1
129523,0,0
129524,8,1
129525,3,1
129526,0,0
129527,0,0
129528,0,0
129529,0,0
129530,0,0
129531,0,0
129532,1,1
129533,0,0
129534,5,1
129535,2,1
129536,0,0
129537,3,1
129538,30,1
129539,0,0
129540,4,1
129541,4,1
129542,0,0
129543,0,0
129544,2,1
129545,0,0
129546,0,0
129547,13,1
129548,19,1
129549,0,0
129550,2,1
129551,5,1
129552,0,0
129553,0,0
129554,0,0
129555,0,0
129556,0,0
129557,0,0
129558,0,0
129559,0,0
129560,2,1
129561,5,1
129562,3,1
129563,6,1
129564,5,1
129565,4,1
129566,0,0
129567,0,0
129568,0,0
129569,0,0
129570,0,0
129571,0,0
129572,0,0
129573,0,0
129574,0,0
129575,0,0
129576,0,0
129577,0,0
129578,223,1
129579,160,1
129580,156,1
129581,320,1
129582,44,1
129583,450,1
129584,130,1
129585,79,1
129586,111,1
129587,120,1
129588,18,1
129589,13,1
129590,13,1
129591,26,1
129592,3,1
129593,37,1
129594,10,1
129595,6,1
129596,9,1
129597,10,1
129598,3,1
129599,0,0
129600,0,0
129601,0,0
129602,332,1
129603,5,1
129604,15,1
129605,11,1
129606,11,1
129607,24,1
129608,424,1
129609,215,1
129610,35,1
129611,17,1
129612,0,0
129613,3,1
129614,4,1
129615,0,0
129616,0,0
129617,6,1
129618,0,0
129619,0,0
129620,9,1
129621,8,1
129622,11,1
129623,0,0
129624,0,0
129625,8708,1
129626,4069,1
129627,0,0
129628,0,0
129629,1,1
129630,1,1
129631,0,0
129632,1,1
129633,6,1
129634,281,1
129635,1,1
129636,5,1
129637,3,1
129638,38,1
129639,3,1
129640,0,0
129641,3414,1
129642,2990,1
129643,-2,0
129644,22,1
129645,2,1
129646,0,0
129647,0,0
129648,0,0
129649,0,0
129650,0,0
129651,0,0
129652,0,0
129653,0,0
129654,20,1
129655,51,1
129656,0,0
129657,11,1
129658,0,0
129659,12,1
129660,0,0
129661,-5,0
129662,0,0
129663,0,0
129664,0,0
129665,0,0
129666,0,0
129667,0,0
129668,0,0
129669,0,0
129670,0,0
129671,0,0
129672,0,0
129673,1,1
129674,0,0
129675,269,1
129676,0,0
129677,86,1
129678,179,1
129679,101,1
129680,154,1
129681,0,0
129682,0,0
129684,0,0
129685,0,0
129686,0,0
129687,0,0
129688,5,1
129689,2,1
129690,2,1
129691,0,0
129692,8,1
129693,8,1
129694,-5,0
129695,-1,0
129696,59,1
129697,-1,0
129698,0,0
129699,0,0
129700,0,0
129701,0,0
129702,0,0
129703,0,0
129704,0,0
129705,0,0
129706,14,1
129707,0,0
129708,0,0
129709,0,0
129710,9,1
129711,5,1
129712,0,0
129713,0,0
129714,0,0
129715,0,0
129716,6,1
129717,6,1
129718,0,0
129719,0,0
129720,118,1
129721,1419,1
129722,19,1
129723,1,1
129724,2,1
129725,0,0
129726,2,1
129727,0,0
129728,0,0
129729,2,1
129730,2,1
129731,3,1
129732,0,0
129733,10,1
129734,4,1
129735,5,1
129736,3,1
129737,12,1
129738,1,1
129739,0,0
129740,0,0
129741,31,1
129742,0,0
129743,0,0
129744,0,0
129745,10,1
129746,-1,0
129747,0,0
129748,0,0
129749,0,0
129750,0,0
129751,0,0
129752,0,0
129753,0,0
129754,0,0
129755,0,0
129756,0,0
129757,0,0
129758,0,0
129759,0,0
129760,0,0
129761,12,1
129762,0,0
129763,0,0
129764,0,0
129765,0,0
129766,0,0
129767,0,0
129768,0,0
129769,0,0
129770,0,0
129771,0,0
129772,23,1
129773,22,1
129774,90,1
129775,22,1
129776,6,1
129777,4,1
129778,3,1
129779,8,1
129780,4,1
129781,0,0
129782,8,1
129783,0,0
129784,0,0
129785,1,1
129786,326,1
129787,2277,1
129788,0,0
129789,0,0
129790,0,0
129791,0,0
129792,0,0
129793,0,0
129794,0,0
129795,0,0
129796,0,0
129797,18,1
129798,0,0
129799,3,1
129800,0,0
129801,0,0
129802,0,0
129803,0,0
129804,12,1
129805,0,0
129806,0,0
129807,0,0
129808,3,1
129809,2,1
129810,1,1
129811,0,0
129812,0,0
129813,0,0
129814,2,1
129815,0,0
129816,0,0
129817,0,0
129818,0,0
129819,3,1
129820,0,0
129821,6,1
129822,2,1
129823,3,1
129824,0,0
129825,19,1
129826,19,1
129827,2,1
129828,4,1
129829,4,1
129830,4409,1
129831,8,1
129832,0,0
129833,0,0
129834,0,0
129835,0,0
129836,0,0
129837,0,0
129838,0,0
129839,0,0
129840,0,0
129841,0,0
129842,0,0
129843,0,0
129844,0,0
129845,0,0
129846,0,0
129847,0,0
129848,0,0
129849,0,0
129850,0,0
129851,0,0
129852,0,0
129853,0,0
129854,0,0
129855,0,0
129856,7,1
129857,0,0
129858,0,0
129859,0,0
129860,0,0
129861,0,0
129862,0,0
129863,1534,1
129864,127,1
129865,20,1
129866,20,1
129867,17,1
129868,0,0
129869,0,0
129870,0,0
129871,0,0
129872,0,0
129873,1,1
129874,23,1
129875,4,1
129876,0,0
129877,0,0
129878,3,1
129879,1,1
129880,0,0
129881,0,0
129882,0,0
129883,0,0
129884,36,1
129885,0,0
129886,3,1
129887,4,1
129888,-5,0
129889,0,0
129890,4,1
129891,7,1
129892,3,1
129893,1,1
129894,4,1
129895,0,0
129896,0,0
129897,0,0
129898,-1,0
129899,0,0
129900,0,0
129901,0,0
129902,0,0
129903,0,0
129904,6,1
129905,0,0
129906,4,1
129907,1,1
129908,2,1
129909,9,1
129910,2457,1
129911,3,1
129912,21,1
129913,0,0
129914,0,0
129915,0,0
129916,51,1
129917,4,1
129918,0,0
129919,0,0
129920,0,0
129921,0,0
129922,0,0
129923,0,0
129924,0,0
129925,0,0
129926,0,0
129927,0,0
129928,0,0
129929,0,0
129930,32,1
129931,5,1
129932,7,1
129933,23,1
129934,0,0
129935,4,1
129936,2,1
129937,4434,1
129938,5254,1
129939,14948,1
129940,0,0
129941,0,0
129942,13,1
129943,0,0
129944,0,0
129945,0,0
129946,256,1
129947,130,1
129948,0,0
129949,0,0
129950,0,0
129951,0,0
129952,0,0
129953,0,0
129954,0,0
129955,0,0
129956,0,0
129957,0,0
129958,0,0
129959,0,0
129960,12,1
129961,10,1
129962,5,1
129963,-1,0
129964,0,0
129965,-1,0
129966,0,0
129967,0,0
129968,0,0
129969,0,0
129970,0,0
129971,0,0
129972,0,0
129973,0,0
129974,0,0
129975,0,0
129976,-1,0
129977,0,0
129978,0,0
129979,0,0
129980,5,1
129981,0,0
129982,0,0
129983,0,0
129984,0,0
129985,0,0
129986,0,0
129987,0,0
129988,0,0
129989,0,0
129990,0,0
129991,68,1
129992,0,0
129993,0,0
129994,0,0
129995,3,1
129996,0,0
129997,0,0
129998,0,0
129999,0,0
130000,0,0
130001,0,0
130002,0,0
130003,0,0
130004,4,1
130005,0,0
130006,14,1
130007,6,1
130008,11,1
130009,6,1
130010,11,1
130011,14,1
130012,11,1
130013,4,1
130014,3,1
130015,3,1
130016,3,1
130017,3,1
130018,3,1
130019,3,1
130020,4,1
130021,3,1
130022,2,1
130023,4,1
130024,4,1
130025,5,1
130026,0,0
130027,0,0
130028,0,0
130029,0,0
130030,0,0
130031,0,0
130032,0,0
130033,0,0
130034,0,0
130035,0,0
130036,0,0
130037,0,0
130038,0,0
130039,0,0
130040,0,0
130041,0,0
130042,0,0
130043,0,0
130044,0,0
130045,0,0
130046,0,0
130047,0,0
130048,4434,1
130049,5254,1
130050,0,0
130051,942,1
130052,-1,0
130053,-3,0
130054,11,1
130055,9,1
130056,15,1
130057,8,1
130058,0,0
130059,0,0
130060,0,0
130061,0,0
130062,0,0
130063,0,0
130064,0,0
130065,0,0
130066,0,0
130067,0,0
130068,0,0
130069,0,0
130070,0,0
130071,1,1
130072,0,0
130073,0,0
130074,0,0
130075,0,0
130076,0,0
130077,304,1
130078,1219,1
130079,101,1
130080,-1,0
130081,0,0
130082,0,0
130083,0,0
130084,0,0
130085,0,0
130086,0,0
130087,0,0
130088,0,0
130089,0,0
130090,0,0
130091,0,0
130092,14,1
130093,0,0
130094,0,0
130095,0,0
130096,0,0
130097,0,0
130098,1,1
130099,5,1
130100,111,1
130101,0,0
130102,0,0
130103,0,0
130104,-1,0
130105,0,0
130106,3,1
130107,0,0
130108,199,1
130109,0,0
130110,0,0
130111,0,0
130112,15,1
130113,18,1
130114,1,1
130115,1,1
130116,17,1
130117,15,1
130118,9,1
130119,23,1
130120,26,1
130121,0,0
130122,0,0
130123,0,0
130124,0,0
130125,2,1
130126,0,0
130127,26,1
130128,0,0
130129,0,0
130130,0,0
130131,0,0
130132,0,0
130133,0,0
130134,3,1
130135,4,1
130136,0,0
130137,0,0
130138,0,0
130139,-2,0
130140,0,0
130141,0,0
130142,3,1
130143,0,0
130144,16,1
130145,0,0
130146,7,1
130147,8,1
130148,2,1
130149,0,0
130150,9,1
130151,0,0
130152,224,1
130153,0,0
130154,14,1
130155,0,0
130156,0,0
130157,0,0
130158,93,1
130159,0,0
130160,78,1
130161,0,0
130162,165,1
130163,0,0
130164,1,1
130165,0,0
130166,7,1
130167,6,1
130168,13,1
130169,0,0
130170,0,0
130171,0,0
130172,0,0
130173,0,0
130174,0,0
130175,0,0
130176,0,0
130177,0,0
130178,0,0
130179,30,1
130180,5,1
130181,0,0
130182,-21,0
130183,-10,0
130184,10,1
130185,16,1
130186,30,1
130187,41,1
130188,15,1
130189,2,1
130190,15,1
130191,41,1
130192,30,1
130193,2,1
130194,-21,0
130195,-10,0
130196,10,1
130197,16,1
130198,0,0
130199,0,0
130200,0,0
130201,0,0
130202,0,0
130203,0,0
130204,6,1
130205,8,1
130206,7,1
130207,5,1
130208,15,1
130209,0,0
130210,0,0
130211,0,0
130212,13,1
130213,4,1
130214,5,1
130215,0,0
130216,0,0
130218,0,0
130219,0,0
130220,49,1
130221,43,1
130222,3,1
130223,2,1
130224,10,1
130225,9,1
130226,0,0
130227,0,0
130228,0,0
130229,0,0
130230,0,0
130231,90,1
130232,36,1
130233,0,0
130234,7,1
130235,3,1
130236,0,0
130237,4,1
130238,0,0
130239,0,0
130240,0,0
130241,0,0
130242,0,0
130243,0,0
130244,0,0
130245,0,0
130246,0,0
130247,30,1
130248,17,1
130249,15,1
130250,17,1
130251,17,1
130252,2,1
130253,22,1
130254,12,1
130255,8,1
130256,9,1
130257,6,1
130258,4,1
130259,8,1
130260,26,1
130261,9,1
130262,20,1
130263,11,1
130264,8,1
130265,16,1
130266,10,1
130267,3,1
130268,4,1
130269,12,1
130270,11,1
130271,80,1
130272,84,1
130273,154,1
130274,76,1
130275,0,0
130276,25,1
130277,260,1
130278,154,1
130279,346,1
130280,346,1
130281,101,1
130282,0,0
130283,0,0
130284,3,1
130285,0,0
130286,0,0
130287,48,1
130288,29,1
130289,0,0
130290,2,1
130291,0,0
130292,0,0
130293,6,1
130294,12,1
130295,6,1
130296,7,1
130297,0,0
130298,0,0
130299,6,1
130300,4,1
130301,5,1
130302,1,1
130303,0,0
130304,0,0
130305,0,0
130306,0,0
130307,0,0
130308,0,0
130309,0,0
130310,0,0
130311,0,0
130312,0,0
130313,0,0
130314,0,0
130315,0,0
130316,0,0
130317,0,0
130318,0,0
130319,0,0
130320,0,0
130321,0,0
130322,0,0
130323,0,0
130324,217,1
130325,0,0
130326,0,0
130328,0,0
130329,0,0
130330,0,0
130331,3,1
130332,3,1
130333,4,1
130334,2,1
130335,2,1
130336,0,0
130337,0,0
130338,0,0
130339,0,0
130340,45,1
130341,0,0
130342,13,1
130343,11,1
130344,5,1
130345,3,1
130346,0,0
130347,0,0
130348,6,1
130349,0,0
130350,0,0
130351,7,1
130352,2,1
130353,3,1
130354,2,1
130355,0,0
130356,-3,0
130357,91,1
130358,0,0
130359,-2,0
130360,284,1
130361,289,1
130362,108,1
130363,51,1
130364,219,1
130365,186,1
130366,0,0
130367,34,1
130368,0,0
130369,6,1
130370,0,0
130371,0,0
130372,0,0
130373,0,0
130374,0,0
130375,3,1
130376,37,1
130377,2396,1
130378,24,1
130379,13,1
130380,0,0
130381,0,0
130382,0,0
130383,2,1
130384,3,1
130385,3,1
130386,3,1
130387,1520,1
130388,126,1
130389,0,0
130390,0,0
130391,0,0
130392,0,0
130393,2990,1
130394,12,1
130395,11,1
130396,0,0
130397,0,0
130398,0,0
130399,0,0
130400,0,0
130401,1,1
130402,0,0
130403,0,0
130404,-265,0
130405,3,1
130406,0,0
130407,836,1
130408,24,1
130409,15,1
130410,19,1
130411,0,0
130412,0,0
130413,0,0
130414,0,0
130415,0,0
130416,0,0
130417,0,0
130418,0,0
130419,0,0
130420,0,0
130421,0,0
130422,0,0
130423,942,1
130424,0,0
130425,0,0
130426,0,0
130427,10,1
130428,3,1
130429,0,0
130430,2,1
130431,7,1
130432,0,0
130433,0,0
130434,0,0
130435,0,0
130436,4,1
130437,0,0
130438,0,0
130439,3,1
130440,0,0
130441,0,0
130442,2,1
130443,2,1
130444,0,0
130445,2,1
130446,2,1
130447,2,1
130448,9,1
130449,-1,0
130450,0,0
130451,0,0
130452,7,1
130453,2,1
130454,4,1
130455,28,1
130456,0,0
130457,3,1
130458,0,0
130459,24,1
130460,0,0
130461,-1,0
130462,3,1
130463,1,1
130464,8,1
130465,1,1
130466,7,1
130467,13,1
130468,19,1
130469,13,1
130470,38,1
130471,6,1
130472,0,0
130473,0,0
130474,0,0
130475,0,0
130476,0,0
130477,0,0
130478,0,0
130479,0,0
130480,0,0
130481,0,0
130482,0,0
130483,0,0
130484,0,0
130485,0,0
130486,15,1
130487,0,0
130488,4,1
130489,0,0
130490,0,0
130491,43,1
130492,0,0
130493,20,1
130494,5,1
130495,150,1
130496,86,1
130497,118,1
130498,16,1
130499,103,1
130500,164,1
130501,161,1
130502,0,0
130503,102,1
130504,148,1
130505,84,1
130506,22,1
130507,123,1
130508,128,1
130509,150,1
130510,599,1
130511,345,1
130512,0,0
130513,234,1
130514,24,1
130515,0,0
130516,0,0
130517,0,0
130518,0,0
130519,0,0
130520,0,0
130521,0,0
130522,0,0
130523,0,0
130524,0,0
130525,0,0
130526,0,0
130527,32,1
130528,0,0
130529,0,0
130530,0,0
130531,0,0
130532,0,0
130533,0,0
130534,0,0
130535,0,0
130536,0,0
130537,0,0
130538,0,0
130539,0,0
130540,0,0
130541,0,0
130542,0,0
130543,0,0
130544,0,0
130545,0,0
130546,0,0
130547,149,1
130548,103,1
130549,8,1
130550,12,1
130551,0,0
130552,19,1
130553,148,1
130554,113,1
130555,89,1
130556,0,0
130557,5,1
130558,4,1
130559,0,0
130560,1,1
130561,2,1
130562,2,1
130563,-4,0
130564,0,0
130565,4,1
130566,5,1
130567,9,1
130568,-1,0
130569,0,0
130570,1,1
130571,7,1
130572,7,1
130573,8,1
130574,0,0
130575,0,0
130576,18,1
130577,10,1
130578,14,1
130579,0,0
130580,2,1
130581,0,0
130582,0,0
130583,0,0
130584,0,0
130585,245,1
130586,198,1
130587,0,0
130588,0,0
130589,0,0
130590,7,1
130591,0,0
130592,0,0
130593,0,0
130594,37,1
130595,58,1
130596,61,1
130597,66,1
130598,0,0
130599,13,1
130600,0,0
130601,1,1
130602,0,0
130603,0,0
130604,0,0
130605,0,0
130606,0,0
130607,0,0
130608,0,0
130609,0,0
130610,2,1
130611,2,1
130612,1,1
130613,0,0
130614,0,0
130615,0,0
130616,0,0
130617,0,0
130618,0,0
130619,0,0
130620,0,0
130621,-236,0
130622,19,1
130623,1,1
130624,12,1
130625,3,1
130626,3,1
130627,13,1
130628,1,1
130629,11,1
130630,16,1
130631,17,1
130632,18,1
130633,8,1
130634,16,1
130635,16,1
130636,8,1
130637,17,1
130638,9,1
130639,11,1
130640,16,1
130641,17,1
130642,18,1
130643,8,1
130644,16,1
130645,16,1
130646,8,1
130647,17,1
130648,9,1
130649,11,1
130650,16,1
130651,17,1
130652,18,1
130653,8,1
130654,16,1
130655,16,1
130656,8,1
130657,17,1
130658,9,1
130659,11,1
130660,16,1
130661,17,1
130662,0,0
130663,8,1
130664,18,1
130665,16,1
130666,16,1
130667,8,1
130668,17,1
130669,9,1
130670,11,1
130671,16,1
130672,17,1
130673,18,1
130674,8,1
130675,16,1
130676,16,1
130677,8,1
130678,17,1
130679,9,1
130680,0,0
130681,0,0
130682,0,0
130683,0,0
130684,3,1
130685,4,1
130686,-8,0
130687,0,0
130688,3,1
130689,3,1
130690,4,1
130691,3,1
130692,3,1
130693,5,1
130694,0,0
130695,0,0
130696,0,0
130697,0,0
130698,3,1
130699,4,1
130700,3,1
130701,3,1
130702,0,0
130703,0,0
130704,0,0
130705,0,0
130706,0,0
130707,6,1
130708,2,1
130709,3,1
130710,3,1
130711,5,1
130712,0,0
130713,0,0
130714,0,0
130715,3,1
130716,3,1
130717,3,1
130718,0,0
130719,0,0
130720,0,0
130721,0,0
130722,2,1
130723,2,1
130724,2,1
130725,4,1
130726,8,1
130727,0,0
130728,10,1
130729,15,1
130730,0,0
130731,0,0
130732,0,0
130733,0,0
130734,0,0
130735,0,0
130736,0,0
130737,0,0
130738,0,0
130739,0,0
130740,0,0
130741,0,0
130742,0,0
130743,0,0
130744,0,0
130745,0,0
130746,0,0
130747,0,0
130748,8,1
130749,7,1
130750,8,1
130751,3,1
130752,10,1
130753,15,1
130754,6,1
130755,13,1
130756,3,1
130757,2,1
130758,2,1
130759,3,1
130760,10,1
130761,7,1
130762,3,1
130763,2,1
130764,6,1
130765,3,1
130766,3,1
130767,3,1
130768,101,1
130769,-1,0
130770,-2,0
130771,3,1
130772,103,1
130773,0,0
130774,69,1
130775,-2,0
130776,1,1
130778,0,0
130779,7,1
130780,4,1
130781,6,1
130782,8,1
130783,6,1
130784,11,1
130785,10,1
130786,8,1
130787,17,1
130788,0,0
130789,14,1
130790,9,1
130791,17,1
130792,79,1
130793,18,1
130794,73,1
130795,0,0
130796,3,1
130797,0,0
130798,0,0
130799,0,0
130800,2,1
130801,2,1
130802,3,1
130803,2,1
130804,1,1
130805,8,1
130806,3,1
130807,3,1
130808,0,0
130809,26,1
130810,24,1
130811,-2,0
130812,-1,0
130813,0,0
130814,0,0
130815,0,0
130816,0,0
130817,0,0
130818,0,0
130819,0,0
130820,0,0
130821,0,0
130822,0,0
130823,0,0
130824,0,0
130825,0,0
130826,0,0
130827,0,0
130828,0,0
130829,0,0
130830,0,0
130831,0,0
130832,0,0
130833,0,0
130834,0,0
130835,0,0
130836,0,0
130837,0,0
130838,0,0
130839,0,0
130840,0,0
130841,0,0
130842,0,0
130843,0,0
130844,0,0
130845,0,0
130846,0,0
130847,0,0
130848,0,0
130849,0,0
130850,0,0
130851,0,0
130852,0,0
130853,0,0
130854,0,0
130855,0,0
130856,0,0
130857,0,0
130858,0,0
130859,0,0
130860,0,0
130861,0,0
130862,0,0
130863,0,0
130864,0,0
130865,0,0
130866,0,0
130867,0,0
130868,0,0
130869,0,0
130870,0,0
130871,0,0
130872,0,0
130873,6,1
130874,4,1
130875,14,1
130876,52,1
130877,17,1
130878,12,1
130879,2,1
130880,3,1
130881,7,1
130882,22,1
130883,53,1
130884,25,1
130885,3,1
130886,4,1
130887,0,0
130888,14,1
130889,9,1
130890,14,1
130891,14,1
130892,9,1
130893,14,1
130894,14,1
130895,9,1
130896,14,1
130897,14,1
130898,9,1
130899,14,1
130900,12,1
130901,8,1
130902,9,1
130903,12,1
130904,8,1
130905,9,1
130906,12,1
130907,8,1
130908,9,1
130909,12,1
130910,8,1
130911,9,1
130912,20,1
130913,23,1
130914,22,1
130915,-1,0
130916,0,0
130917,0,0
130918,0,0
130919,0,0
130920,4,1
130921,1,1
130922,10,1
130923,4,1
130924,4,1
130925,0,0
130926,9,1
130927,14,1
130928,13,1
130929,2,1
130930,5,1
130931,5,1
130932,5,1
130933,11,1
130934,5,1
130935,5,1
130936,5,1
130937,12,1
130938,9,1
130939,12,1
130940,12,1
130941,9,1
130942,12,1
130943,12,1
130944,9,1
130945,12,1
130946,12,1
130947,9,1
130948,12,1
130949,12,1
130950,8,1
130951,9,1
130952,12,1
130953,8,1
130954,9,1
130955,12,1
130956,8,1
130957,9,1
130958,12,1
130959,8,1
130960,9,1
130961,17,1
130962,9,1
130963,17,1
130964,15,1
130965,9,1
130966,15,1
130967,17,1
130968,9,1
130969,17,1
130970,17,1
130971,9,1
130972,17,1
130973,12,1
130974,8,1
130975,9,1
130976,12,1
130977,8,1
130978,9,1
130979,12,1
130980,8,1
130981,9,1
130982,12,1
130983,8,1
130984,9,1
130985,12,1
130986,9,1
130987,12,1
130988,12,1
130989,9,1
130990,12,1
130991,12,1
130992,9,1
130993,12,1
130994,12,1
130995,9,1
130996,12,1
130997,12,1
130998,8,1
130999,9,1
131000,12,1
131001,8,1
131002,9,1
131003,12,1
131004,8,1
131005,9,1
131006,12,1
131007,8,1
131008,9,1
131009,24,1
131010,8,1
131011,665,1
131012,0,0
131013,0,0
131014,0,0
131015,0,0
131016,0,0
131017,112,1
131018,1,1
131019,6,1
131020,4,1
131021,0,0
131022,0,0
131023,0,0
131024,0,0
131025,0,0
131026,0,0
131027,54,1
131028,7,1
131029,7,1
131030,7,1
131031,6,1
131032,13,1
131033,13,1
131034,13,1
131035,6,1
131036,1,1
131037,1,1
131038,1,1
131039,1,1
131040,0,0
131041,0,0
131042,0,0
131043,2,1
131044,0,0
131045,0,0
131046,0,0
131047,0,0
131048,-3,0
131049,7,1
131050,2,1
131051,0,0
131052,0,0
131053,5024,1
131054,14,1
131055,17,1
131056,12,1
131057,12,1
131058,0,0
131059,0,0
131060,0,0
131061,0,0
131062,32,1
131063,4,1
131064,25,1
131065,2,1
131066,4,1
131067,0,0
131068,0,0
131069,4,1
131070,0,0
131071,0,0
131072,0,0
131073,3,1
131074,0,0
131075,5,1
131076,3,1
131077,6,1
131078,4,1
131079,3,1
131080,6,1
131081,12,1
131082,6,1
131083,1,1
131084,0,0
131085,3,1
131086,0,0
131087,8,1
131088,7,1
131089,11,1
131090,0,0
131091,0,0
131092,-2,0
131093,0,0
131094,0,0
131095,0,0
131096,2,1
131097,11,1
131098,2,1
131099,7,1
131100,7,1
131101,3,1
131102,6,1
131103,2,1
131104,3,1
131105,4,1
131106,12,1
131107,10,1
131108,11,1
131109,2,1
131110,2,1
131111,2,1
131112,8,1
131113,10,1
131114,1,1
131115,0,0
131116,0,0
131117,0,0
131118,0,0
131119,0,0
131120,0,0
131121,0,0
131122,0,0
131123,0,0
131124,0,0
131125,0,0
131126,0,0
131127,0,0
131128,0,0
131129,0,0
131130,0,0
131131,0,0
131132,0,0
131133,0,0
131134,0,0
131135,0,0
131136,0,0
131137,0,0
131138,1,1
131139,6107,1
131140,5,1
131141,4,1
131142,9,1
131143,3,1
131144,16,1
131145,3,1
131146,3,1
131147,1,1
131148,1,1
131149,2,1
131150,3,1
131151,6,1
131152,9,1
131153,1,1
131154,1,1
131155,0,0
131156,0,0
131157,0,0
131158,5,1
131159,6,1
131160,6,1
131161,8,1
131162,5,1
131163,6,1
131164,6,1
131165,8,1
131166,0,0
131168,0,0
131169,0,0
131170,0,0
131171,0,0
131172,0,0
131173,0,0
131174,0,0
131175,0,0
131176,9,1
131177,0,0
131178,10,1
131179,6,1
131180,3,1
131181,8,1
131182,196,1
131183,39,1
131184,12,1
131185,0,0
131186,10,1
131187,64,1
131188,13,1
131189,18,1
131190,24,1
131191,16,1
131192,32,1
131193,6,1
131194,9,1
131195,12,1
131196,8,1
131197,21,1
131198,4,1
131199,6,1
131200,8,1
131201,5,1
131202,7,1
131203,7,1
131204,0,0
131205,0,0
131206,0,0
131207,0,0
131208,0,0
131209,0,0
131210,0,0
131211,0,0
131212,0,0
131213,0,0
131214,0,0
131215,0,0
131216,0,0
131217,0,0
131218,0,0
131219,0,0
131220,0,0
131221,0,0
131222,0,0
131223,0,0
131224,0,0
131225,0,0
131226,0,0
131227,0,0
131228,0,0
131229,0,0
131230,0,0
131231,0,0
131232,0,0
131233,0,0
131234,5,1
131235,3,1
131236,3,1
131237,11,1
131238,7,1
131239,44,1
131240,65,1
131241,103,1
131242,53,1
131243,0,0
131244,0,0
131245,29,1
131246,44,1
131247,0,0
131248,1,1
131249,1,1
131250,1,1
131251,4,1
131252,0,0
131253,1,1
131254,3,1
131255,8,1
131256,3,1
131257,12,1
131258,2,1
131259,4,1
131260,2,1
131261,0,0
131262,0,0
131263,0,0
131264,0,0
131265,0,0
131266,7,1
131267,0,0
131268,0,0
131269,0,0
131270,4069,1
131271,11,1
131272,16,1
131273,-3,0
131274,20,1
131275,11,1
131276,-10,0
131277,2,1
131278,0,0
131279,7,1
131280,0,0
131281,0,0
131282,0,0
131283,0,0
131284,18,1
131285,58,1
131286,0,0
131287,0,0
131288,0,0
131289,0,0
131290,217,1
131291,346,1
131292,9,1
131293,0,0
131294,0,0
131295,6,1
131296,8,1
131297,14,1
131298,227,1
131299,18,1
131300,57,1
131301,4,1
131302,95,1
131303,7,1
131304,56,1
131305,4,1
131306,130,1
131307,10,1
131308,300,1
131309,25,1
131310,44,1
131311,3,1
131312,0,0
131313,55,1
131314,69,1
131315,0,0
131316,0,0
131317,4,1
131318,3,1
131319,4,1
131320,3,1
131321,4,1
131322,0,0
131323,0,0
131324,0,0
131325,3,1
131326,3,1
131327,4,1
131328,0,0
131329,2,1
131330,10,1
131331,18,1
131332,18,1
131333,0,0
131334,0,0
131335,0,0
131336,0,0
131337,0,0
131338,-5,0
131339,26,1
131340,18,1
131341,24,1
131342,15,1
131343,36,1
131344,-139,0
131345,0,0
131346,142,1
131347,144,1
131348,102,1
131349,125,1
131350,0,0
131351,22,1
131352,24,1
131353,11,1
131354,0,0
131355,3,1
131356,4,1
131357,3,1
131358,3,1
131359,5,1
131360,3,1
131361,2,1
131362,2,1
131363,7,1
131364,2,1
131365,0,0
131366,0,0
131367,0,0
131368,0,0
131369,0,0
131370,0,0
131371,3,1
131372,0,0
131373,0,0
131374,0,0
131375,2,1
131376,0,0
131377,0,0
131378,1,1
131379,3,1
131380,0,0
131381,0,0
131382,3,1
131383,2,1
131384,2,1
131385,0,0
131386,32,1
131387,45,1
131388,20,1
131389,27,1
131390,331,1
131391,0,0
131392,0,0
131393,0,0
131394,0,0
131395,0,0
131396,0,0
131397,0,0
131398,0,0
131399,0,0
131400,0,0
131401,0,0
131402,0,0
131403,0,0
131404,0,0
131405,3,1
131406,3,1
131407,3,1
131408,0,0
131409,0,0
131410,0,0
131411,0,0
131412,3,1
131413,3,1
131414,2,1
131415,173,1
131416,193,1
131417,3,1
131418,9,1
131419,5,1
131420,5,1
131421,6,1
131422,11,1
131423,6,1
131424,115,1
131425,346,1
131426,269,1
131427,182,1
131428,9,1
131429,28,1
131430,22,1
131431,15,1
131432,10,1
131433,0,0
131434,5,1
131435,0,0
131436,0,0
131437,158,1
131438,2369,1
131439,2527,1
131440,2548,1
131441,121,1
131442,0,0
131443,141,1
131444,104,1
131445,-19,0
131446,6,1
131447,6,1
131448,0,0
131449,14948,1
131450,0,0
131451,0,0
131452,0,0
131453,0,0
131454,21,1
131455,26,1
131456,87,1
131457,111,1
131458,1,1
131459,11,1
131460,0,0
131461,0,0
131462,6,1
131463,0,0
131464,0,0
131465,7,1
131466,0,0
131467,3,1
131468,4,1
131469,2,1
131470,230,1
131471,183,1
131472,0,0
131473,0,0
131474,0,0
131475,0,0
131476,0,0
131477,0,0
131478,0,0
131479,0,0
131480,0,0
131481,0,0
131482,0,0
131483,0,0
131484,0,0
131485,0,0
131486,0,0
131487,0,0
131488,0,0
131489,0,0
131490,0,0
131491,0,0
131492,0,0
131493,0,0
131494,0,0
131495,0,0
131496,0,0
131497,0,0
131498,0,0
131499,0,0
131500,0,0
131501,0,0
131502,0,0
131503,9,1
131504,2459,1
131505,2192,1
131506,0,0
131507,13,1
131508,7,1
131509,11,1
131510,11,1
131511,11,1
131512,11,1
131513,11,1
131514,11,1
131515,11,1
131516,11,1
131517,11,1
131518,11,1
131519,11,1
131520,11,1
131521,8,1
131522,6,1
131523,2,1
131524,0,0
131525,3,1
131526,4,1
131527,0,0
131528,1722,1
131529,0,0
131530,93,1
131531,96,1
131532,3,1
131534,0,0
131535,0,0
131536,4,1
131537,3,1
131538,3,1
131539,2,1
131540,18,1
131541,0,0
131542,112,1
131543,60,1
131544,0,0
131545,173,1
131546,0,0
131547,1,1
131548,-5,0
131549,0,0
131550,0,0
131551,0,0
131552,0,0
131553,0,0
131554,0,0
131555,0,0
131556,0,0
131557,0,0
131558,0,0
131559,0,0
131560,0,0
131561,0,0
131562,0,0
131563,0,0
131564,0,0
131565,0,0
131566,0,0
131567,0,0
131568,0,0
131569,0,0
131570,0,0
131571,0,0
131572,-40,0
131573,0,0
131574,0,0
131575,13,1
131576,0,0
131577,3,1
131578,0,0
131579,9,1
131580,12,1
131581,17,1
131582,3,1
131583,2,1
131584,1,1
131585,0,0
131586,0,0
131587,72,1
131588,28,1
131589,61,1
131590,11,1
131591,6,1
131592,3,1
131593,3,1
131594,3,1
131595,7,1
131596,5,1
131597,5,1
131598,3,1
131599,3,1
131600,3,1
131601,3,1
131602,7,1
131603,2,1
131604,4,1
131605,4,1
131606,4,1
131607,4,1
131608,2,1
131609,2,1
131610,2,1
131611,18,1
131612,42,1
131613,21,1
131614,3,1
131615,0,0
131616,0,0
131617,0,0
131618,0,0
131619,0,0
131620,0,0
131621,0,0
131622,6,1
131623,2,1
131624,5,1
131625,28,1
131626,1,1
131627,3,1
131628,6,1
131629,4,1
131630,3,1
131631,4,1
131632,4,1
131633,13,1
131634,15,1
131635,3,1
131636,0,0
131637,3,1
131638,37,1
131639,0,0
131640,6,1
131641,4,1
131642,0,0
131643,0,0
131644,10,1
131645,34,1
131646,8,1
131647,28,1
131648,26,1
131649,18,1
131650,24,1
131651,15,1
131652,36,1
131653,13,1
131654,13,1
131655,13,1
131656,13,1
131657,13,1
131658,18,1
131659,18,1
131660,18,1
131661,15,1
131662,18,1
131663,24,1
131664,18,1
131665,24,1
131666,15,1
131667,24,1
131668,16,1
131669,16,1
131670,16,1
131671,15,1
131672,16,1
131673,6107,1
131674,2369,1
131675,2527,1
131676,2548,1
131677,121,1
131678,0,0
131679,16,1
131680,0,0
131681,0,0
131682,12,1
131683,55,1
131684,34,1
131685,7,1
131686,0,0
131687,0,0
131688,3,1
131689,0,0
131690,7,1
131691,5,1
131692,6,1
131693,5,1
131694,5,1
131695,3,1
131696,4,1
131697,0,0
131698,4,1
131699,0,0
131700,0,0
131701,3,1
131702,4,1
131703,3,1
131704,3,1
131705,3,1
131706,6,1
131707,6,1
131708,3,1
131709,2,1
131710,3,1
131711,5,1
131712,3,1
131713,3,1
131714,5,1
131715,4,1
131716,5,1
131717,5,1
131718,67,1
131719,0,0
131720,0,0
131721,1,1
131722,10,1
131723,0,0
131724,0,0
131725,0,0
131726,4,1
131727,4,1
131728,3,1
131729,0,0
131730,0,0
131731,2,1
131732,0,0
131733,0,0
131734,1,1
131735,-1,0
131736,3,1
131737,0,0
131738,0,0
131739,0,0
131740,5,1
131741,5,1
131742,-3,0
131743,-3,0
131744,4,1
131745,4,1
131746,3,1
131747,3,1
131748,0,0
131749,0,0
131750,-5,0
131751,16,1
131752,0,0
131753,3,1
131754,1,1
131755,0,0
131756,0,0
131757,0,0
131758,1,1
131759,0,0
131760,3,1
131761,4,1
131762,0,0
131763,3,1
131764,3,1
131765,3,1
131766,3,1
131767,4,1
131768,0,0
131769,0,0
131770,0,0
131771,396,1
131772,662,1
131773,55,1
131774,194,1
131775,174,1
131776,-1,0
131777,0,0
131778,0,0
131779,0,0
131780,0,0
131781,1,1
131782,1,1
131783,6,1
131784,0,0
131785,0,0
131786,0,0
131787,0,0
131788,0,0
131789,0,0
131791,0,0
131792,0,0
131793,0,0
131794,0,0
131795,0,0
131796,0,0
131797,42,1
131798,28,1
131799,24,1
131800,22,1
131801,134,1
131802,3,1
131803,2,1
131804,2,1
131805,1,1
131806,11,1
131807,3,1
131808,20,1
131809,2,1
131810,2,1
131811,0,0
131812,2,1
131813,3,1
131814,2,1
131815,3,1
131816,4,1
131817,3,1
131818,9,1
131819,0,0
131820,48,1
131821,4,1
131822,-528,0
131823,-528,0
131824,-528,0
131825,5,1
131826,20,1
131827,10,1
131828,10,1
131829,4,1
131830,20,1
131831,2,1
131832,0,0
131833,0,0
131834,4,1
131835,3,1
131836,64,1
131837,13,1
131838,23,1
131839,4,1
131840,9,1
131841,6,1
131842,9,1
131843,6,1
131844,41,1
131845,41,1
131846,3,1
131847,42,1
131848,3,1
131849,4,1
131850,10,1
131851,5,1
131852,4,1
131853,3,1
131854,3,1
131855,0,0
131856,0,0
131857,40,1
131858,19,1
131859,1,1
131860,3,1
131861,4,1
131862,13,1
131863,3,1
131864,4,1
131865,7,1
131866,8,1
131867,3,1
131868,4,1
131869,3,1
131870,7,1
131871,3,1
131872,4,1
131873,5,1
131874,3,1
131875,4,1
131876,1,1
131877,3,1
131878,2,1
131879,26,1
131880,26,1
131881,18,1
131882,18,1
131883,24,1
131884,1590,1
131886,68,1
131887,24,1
131888,15,1
131889,15,1
131890,36,1
131891,36,1
131892,2,1
131893,3,1
131894,0,0
131895,0,0
131896,1,1
131897,2,1
131898,0,0
131899,0,0
131900,1,1
131901,2,1
131902,1,1
131903,2,1
131904,47,1
131905,3,1
131906,4,1
131907,4,1
131908,0,0
131909,0,0
131910,3,1
131911,2,1
131912,3,1
131913,2,1
131914,1,1
131915,0,0
131916,17,1
131917,3,1
131918,4,1
131919,15,1
131920,0,0
131921,6,1
131922,5,1
131923,1,1
131924,0,0
131925,-1,0
131926,0,0
131927,-1,0
131928,0,0
131929,-1,0
131930,0,0
131931,-1,0
131932,0,0
131933,-1,0
131934,0,0
131935,-1,0
131936,32,1
131937,0,0
131938,2,1
131939,18,1
131940,0,0
131941,3,1
131942,2,1
131943,3,1
131944,23,1
131945,21,1
131946,294,1
131947,1,1
131948,1,1
131949,24,1
131950,7,1
131951,3,1
131952,0,0
131953,0,0
131954,0,0
131955,0,0
131956,0,0
131957,8,1
131958,3,1
131959,3,1
131960,4,1
131961,3,1
131962,4,1
131963,5,1
131964,74,1
131965,134,1
131966,48,1
131967,6,1
131968,11,1
131969,4,1
131970,47,1
131971,34,1
131972,25,1
131973,58,1
131974,33,1
131975,5,1
131976,4,1
131977,3,1
131978,7,1
131979,4,1
131980,4,1
131981,33,1
131982,7,1
131983,133,1
131984,131,1
131985,0,0
131986,7,1
131987,0,0
131988,0,0
131989,2,1
131990,3,1
131991,4,1
131992,0,0
131993,0,0
131994,2,1
131995,1,1
131996,3,1
131997,3,1
131998,3,1
131999,3,1
132000,33,1
132001,2,1
132002,0,0
132003,0,0
132004,3,1
132005,2,1
132006,3,1
132007,3,1
132008,11,1
132009,9,1
132010,7,1
132011,3,1
132012,71,1
132013,11,1
132014,36,1
132015,0,0
132016,2,1
132017,11,1
132018,2,1
132019,4,1
132020,166,1
132021,0,0
132022,0,0
132023,0,0
132024,0,0
132025,7,1
132026,8,1
132027,6,1
132028,6,1
132029,44,1
132030,116,1
132031,5,1
132032,3,1
132033,1940,1
132034,161,1
132035,20,1
132036,107,1
132037,8,1
132038,0,0
132039,2,1
132040,2,1
132041,3,1
132042,3,1
132043,1,1
132044,13,1
132045,10,1
132046,4,1
132047,3,1
132048,3,1
132049,3,1
132050,2,1
132051,3,1
132052,3,1
132053,5,1
132054,3,1
132055,3,1
132056,3,1
132057,3,1
132058,3,1
132059,0,0
132060,0,0
132061,12,1
132062,4,1
132063,3,1
132064,3,1
132065,1,1
132066,4,1
132067,5,1
132068,4,1
132069,4,1
132070,3,1
132071,3,1
132072,3,1
132073,2,1
132074,3,1
132075,5,1
132076,8,1
132077,4,1
132078,3,1
132079,5,1
132080,0,0
132081,0,0
132082,6,1
132083,1,1
132084,5,1
132085,4,1
132086,3,1
132087,3,1
132088,5,1
132089,0,0
132090,5,1
132091,3,1
132092,3,1
132093,3,1
132094,3,1
132095,1,1
132096,2,1
132097,3,1
132098,3,1
132099,3,1
132100,54,1
132101,19,1
132102,14,1
132103,20,1
132104,0,0
132105,0,0
132106,20,1
132107,0,0
132109,4,1
132110,2,1
132111,3,1
132112,0,0
132113,5,1
132114,3,1
132115,2,1
132116,4,1
132117,3,1
132118,2,1
132119,82,1
132120,42,1
132121,6,1
132122,3,1
132123,4,1
132124,3,1
132125,3,1
132126,2,1
132127,48,1
132128,20,1
132129,0,0
132130,0,0
132131,3,1
132132,4,1
132133,7,1
132134,13,1
132135,5,1
132136,4,1
132137,0,0
132138,0,0
132139,15,1
132140,8,1
132141,1,1
132142,14,1
132143,6,1
132144,10,1
132145,3,1
132146,4,1
132147,4,1
132148,2,1
132149,5,1
132150,5,1
132151,7,1
132152,6,1
132153,1,1
132154,1,1
132155,0,0
132156,2,1
132157,0,0
132158,32,1
132159,4,1
132160,3,1
132161,2,1
132162,2,1
132163,3,1
132164,3,1
132165,3,1
132166,2,1
132167,3,1
132168,3,1
132169,3,1
132170,2990,1
132171,3,1
132172,2,1
132173,0,0
132174,0,0
132175,0,0
132176,0,0
132177,0,0
132178,0,0
132179,0,0
132180,0,0
132181,0,0
132182,1,1
132183,1,1
132184,2,1
132185,0,0
132186,2,1
132187,2,1
132188,2,1
132189,0,0
132190,0,0
132191,0,0
132192,0,0
132193,4,1
132194,6,1
132195,17,1
132196,33,1
132197,32,1
132198,26,1
132199,0,0
132200,0,0
132201,1803,1
132202,1197,1
132203,2,1
132204,2,1
132205,2,1
132206,0,0
132207,0,0
132208,0,0
132209,0,0
132210,210,1
132211,7,1
132212,1,1
132213,16,1
132214,0,0
132215,0,0
132216,3,1
132217,10,1
132218,3,1
132219,2,1
132220,5,1
132221,1,1
132222,3,1
132223,2,1
132224,5,1
132225,3,1
132226,3,1
132227,0,0
132228,0,0
132229,5,1
132230,0,0
132231,9,1
132232,3,1
132233,3,1
132234,3,1
132235,3,1
132236,6,1
132237,15,1
132238,28,1
132239,32,1
132240,13,1
132241,9,1
132242,9,1
132243,13,1
132244,24,1
132245,2,1
132246,1,1
132247,5,1
132248,4,1
132249,6,1
132250,3,1
132251,3,1
132252,1,1
132253,0,0
132254,0,0
132255,0,0
132256,0,0
132257,0,0
132258,0,0
132259,0,0
132260,0,0
132261,0,0
132262,59,1
132263,85,1
132264,34,1
132265,51,1
132266,172,1
132267,3,1
132268,0,0
132269,0,0
132270,0,0
132271,0,0
132272,0,0
132273,0,0
132274,0,0
132275,0,0
132276,0,0
132277,0,0
132278,0,0
132279,0,0
132280,0,0
132281,0,0
132282,0,0
132283,0,0
132284,0,0
132285,0,0
132286,0,0
132287,0,0
132288,0,0
132289,0,0
132290,0,0
132291,0,0
132292,0,0
132293,0,0
132294,0,0
132295,0,0
132296,0,0
132297,0,0
132298,0,0
132299,0,0
132300,0,0
132301,0,0
132302,0,0
132303,0,0
132304,0,0
132305,0,0
132306,0,0
132307,0,0
132308,0,0
132309,0,0
132310,0,0
132311,0,0
132312,0,0
132313,0,0
132314,0,0
132315,0,0
132316,0,0
132317,0,0
132318,0,0
132319,0,0
132320,0,0
132321,0,0
132322,0,0
132323,0,0
132324,0,0
132325,0,0
132326,0,0
132327,0,0
132328,0,0
132329,0,0
132330,0,0
132331,0,0
132332,0,0
132333,0,0
132334,0,0
132335,0,0
132336,0,0
132337,0,0
132338,0,0
132339,0,0
132340,0,0
132341,0,0
132342,0,0
132343,0,0
132344,0,0
132345,0,0
132346,0,0
132347,0,0
132348,0,0
132349,0,0
132350,0,0
132351,0,0
132352,0,0
132353,0,0
132354,0,0
132355,0,0
132356,0,0
132357,0,0
132358,0,0
132359,0,0
132360,0,0
132361,0,0
132362,0,0
132363,0,0
132364,0,0
132365,0,0
132366,0,0
132367,0,0
132368,0,0
132369,0,0
132370,0,0
132371,0,0
132372,23,1
132373,23,1
132374,23,1
132375,23,1
132376,23,1
132377,8,1
132378,8,1
132379,8,1
132380,8,1
132381,8,1
132382,18,1
132383,18,1
132384,18,1
132385,18,1
132386,18,1
132387,8,1
132388,8,1
132389,8,1
132390,8,1
132391,8,1
132392,17,1
132393,17,1
132394,17,1
132395,17,1
132396,17,1
132397,8,1
132398,8,1
132399,8,1
132400,8,1
132401,8,1
132402,16,1
132403,16,1
132404,16,1
132405,16,1
132406,16,1
132407,8,1
132408,8,1
132409,8,1
132410,8,1
132411,8,1
132412,28,1
132413,28,1
132414,28,1
132415,24,1
132416,28,1
132417,8,1
132418,8,1
132419,8,1
132420,8,1
132421,8,1
132422,10,1
132423,10,1
132424,10,1
132425,10,1
132426,10,1
132427,8,1
132428,8,1
132429,8,1
132430,8,1
132431,8,1
132432,14,1
132433,23,1
132434,14,1
132435,23,1
132436,14,1
132437,23,1
132438,14,1
132439,23,1
132440,14,1
132441,23,1
132442,8,1
132443,8,1
132444,8,1
132445,8,1
132446,8,1
132447,8,1
132448,8,1
132449,8,1
132450,8,1
132451,8,1
132452,14,1
132453,18,1
132454,14,1
132455,18,1
132456,14,1
132457,18,1
132458,14,1
132459,18,1
132460,14,1
132461,18,1
132462,8,1
132463,8,1
132464,8,1
132465,8,1
132466,8,1
132467,8,1
132468,8,1
132469,8,1
132470,8,1
132471,8,1
132472,14,1
132473,17,1
132474,14,1
132475,17,1
132476,14,1
132477,17,1
132478,14,1
132479,17,1
132480,14,1
132481,17,1
132482,8,1
132483,8,1
132484,8,1
132485,8,1
132486,8,1
132487,8,1
132488,8,1
132489,8,1
132490,8,1
132491,8,1
132492,14,1
132493,16,1
132494,14,1
132495,16,1
132496,14,1
132497,16,1
132498,14,1
132499,16,1
132500,14,1
132501,16,1
132502,8,1
132503,8,1
132504,8,1
132505,8,1
132506,8,1
132507,8,1
132508,8,1
132509,8,1
132510,8,1
132511,8,1
132512,14,1
132513,28,1
132514,14,1
132515,28,1
132516,14,1
132517,28,1
132518,14,1
132519,24,1
132520,14,1
132521,28,1
132522,8,1
132523,8,1
132524,8,1
132525,8,1
132526,8,1
132527,8,1
132528,8,1
132529,8,1
132530,8,1
132531,8,1
132532,10,1
132533,10,1
132534,10,1
132535,10,1
132536,10,1
132537,10,1
132538,10,1
132539,10,1
132540,10,1
132541,10,1
132542,8,1
132543,8,1
132544,8,1
132545,8,1
132546,8,1
132547,8,1
132548,8,1
132549,8,1
132550,8,1
132551,8,1
132552,0,0
132553,965,1
132554,742,1
132555,16,1
132556,23,1
132557,159,1
132558,13,1
132559,68,1
132560,5,1
132561,95,1
132562,75,1
132563,0,0
132564,23,1
132565,23,1
132566,23,1
132567,23,1
132568,23,1
132569,18,1
132570,18,1
132571,18,1
132572,18,1
132573,18,1
132574,17,1
132575,17,1
132576,17,1
132577,17,1
132578,17,1
132579,16,1
132580,16,1
132581,16,1
132582,16,1
132583,16,1
132584,32,1
132585,34,1
132586,34,1
132587,24,1
132588,34,1
132589,10,1
132590,10,1
132591,10,1
132592,10,1
132593,10,1
132594,466,1
132595,0,0
132596,6,1
132597,280,1
132598,209,1
132599,3,1
132600,3,1
132601,3,1
132602,3,1
132603,48,1
132604,0,0
132605,0,0
132606,1,1
132607,1,1
132608,0,0
132609,4,1
132610,7,1
132611,6,1
132612,26,1
132613,2,1
132614,3,1
132615,5,1
132616,3,1
132617,4,1
132618,0,0
132619,0,0
132620,3,1
132621,3,1
132622,3,1
132623,3,1
132624,3,1
132625,2,1
132626,0,0
132627,65,1
132628,43,1
132629,0,0
132630,3,1
132631,1,1
132632,0,0
132633,0,0
132634,2,1
132635,1,1
132636,0,0
132637,0,0
132638,0,0
132639,3,1
132640,2,1
132641,2,1
132642,3,1
132643,0,0
132644,4,1
132645,0,0
132646,2,1
132647,2,1
132648,0,0
132649,3,1
132650,5,1
132651,4,1
132652,2242,1
132653,0,0
132654,5,1
132655,3,1
132656,0,0
132657,0,0
132658,346,1
132659,346,1
132660,101,1
132661,260,1
132662,25,1
132663,154,1
132664,210,1
132665,0,0
132666,5,1
132667,1,1
132668,0,0
132669,0,0
132670,0,0
132671,0,0
132672,0,0
132673,0,0
132674,0,0
132675,0,0
132676,0,0
132677,0,0
132678,0,0
132679,0,0
132680,0,0
132681,0,0
132682,0,0
132683,8,1
132684,8,1
132685,33,1
132686,4,1
132687,8,1
132688,2,1
132689,9,1
132690,47,1
132691,45,1
132692,20,1
132693,42,1
132694,12,1
132695,3,1
132696,0,0
132697,5,1
132698,3,1
132699,4,1
132700,2,1
132701,3,1
132702,4,1
132703,4,1
132704,2,1
132705,1,1
132706,118,1
132707,19,1
132708,3,1
132709,1,1
132710,8,1
132711,4,1
132712,9,1
132713,0,0
132714,3,1
132715,3,1
132716,1,1
132717,3,1
132718,1,1
132719,9,1
132720,2,1
132721,4,1
132722,-1,0
132723,4,1
132724,5,1
132725,5,1
132726,6,1
132727,6,1
132728,28,1
132729,0,0
132730,0,0
132731,13,1
132732,0,0
132733,0,0
132734,0,0
132735,5,1
132736,6,1
132737,6,1
132738,0,0
132739,2,1
132740,5,1
132741,4,1
132742,3,1
132743,4,1
132744,5,1
132745,6,1
132746,0,0
132747,0,0
132748,36,1
132749,106,1
132750,24,1
132751,72,1
132752,105,1
132753,119,1
132754,56,1
132755,-3,0
132756,7,1
132757,8,1
132758,4,1
132759,3,1
132760,35,1
132761,2,1
132762,41,1
132763,3,1
132764,29,1
132765,2,1
132766,6,1
132767,2,1
132768,170,1
132769,49,1
132770,4,1
132771,1,1
132772,7,1
132773,3,1
132774,5,1
132775,5,1
132776,5,1
132777,5,1
132778,4,1
132779,5,1
132780,0,0
132781,0,0
132782,0,0
132783,0,0
132784,-1,0
132785,0,0
132786,0,0
132787,24,1
132788,18,1
132789,37,1
132790,0,0
132791,2,1
132792,4,1
132793,4,1
132794,3,1
132795,4,1
132796,5,1
132797,3,1
132798,34,1
132799,24,1
132800,8,1
132801,1,1
132802,0,0
132803,8,1
132804,4,1
132805,17,1
132806,19,1
132807,68,1
132808,0,0
132809,0,0
132810,2,1
132811,112,1
132812,10,1
132813,0,0
132814,0,0
132815,2,1
132816,0,0
132817,26,1
132818,227,1
132819,272,1
132820,124,1
132821,53,1
132822,93,1
132823,57,1
132824,57,1
132825,19,1
132826,36,1
132827,31,1
132828,56,1
132829,61,1
132830,24,1
132831,75,1
132832,51,1
132833,39,1
132834,97,1
132835,41,1
132836,33,1
132837,37,1
132838,28,1
132839,0,0
132840,0,0
132841,60,1
132842,3,1
132843,4,1
132844,174,1
132845,3,1
132846,5,1
132847,4,1
132848,1,1
132849,4,1
132850,2,1
132851,26,1
132852,24,1
132853,36,1
132854,18,1
132855,35,1
132856,35,1
132857,37,1
132858,11,1
132859,14,1
132860,21,1
132861,36,1
132862,15,1
132863,142,1
132864,4,1
132865,5,1
132866,2,1
132867,2,1
132868,3,1
132869,3,1
132870,1,1
132871,3,1
132872,2,1
132873,2,1
132874,3,1
132875,2,1
132876,2,1
132877,2,1
132881,0,0
132882,0,0
132883,0,0
132884,0,0
132885,0,0
132886,0,0
132887,0,0
132888,0,0
132889,0,0
132890,0,0
132891,0,0
132892,0,0
132893,1295,1
132894,1,1
132895,0,0
132896,2,1
132897,59,1
132898,0,0
132899,0,0
132900,8,1
132901,0,0
132902,0,0
132903,3,1
132904,107,1
132905,9,1
132906,8,1
132907,13,1
132908,6,1
132909,13,1
132910,16,1
132911,25,1
132912,3,1
132913,0,0
132914,9,1
132915,2,1
132916,2,1
132917,2,1
132918,8,1
132919,8,1
132920,8,1
132921,120,1
132922,10,1
132923,5,1
132924,17,1
132925,1,1
132926,0,0
132927,5,1
132928,12,1
132929,5,1
132930,4,1
132931,13,1
132932,11,1
132933,0,0
132934,12,1
132935,15,1
132936,9,1
132937,12,1
132938,2,1
132939,20,1
132940,33,1
132941,26,1
132942,28,1
132943,113,1
132944,0,0
132945,4,1
132946,4,1
132947,3,1
132948,4,1
132949,2,1
132950,2,1
132951,2,1
132952,2,1
132953,2,1
132954,0,0
132955,0,0
132956,3,1
132957,15,1
132958,3,1
132959,9,1
132960,6,1
132961,3,1
132962,4,1
132963,35,1
132964,212,1
132965,78,1
132966,7,1
132967,0,0
132968,0,0
132969,0,0
132970,6,1
132971,3,1
132972,5,1
132973,4,1
132974,5,1
132975,11,1
132976,4,1
132977,2,1
132978,3,1
132979,4,1
132980,2,1
132981,2,1
132982,0,0
132983,0,0
132984,3,1
132985,2,1
132986,3,1
132987,3,1
132988,2,1
132989,2,1
132990,256,1
132991,4,1
132992,8,1
132993,9,1
132994,0,0
132995,29,1
132996,40,1
132997,48,1
132998,27,1
132999,16,1
133000,0,0
133001,1,1
133002,3,1
133003,3,1
133004,1,1
133005,0,0
133006,0,0
133007,6,1
133008,4,1
133009,6,1
133010,7,1
133011,4,1
133012,4,1
133013,4,1
133014,6,1
133015,4,1
133016,3,1
133017,0,0
133018,4,1
133019,3,1
133020,4,1
133021,4,1
133022,4,1
133023,4,1
133024,3,1
133025,0,0
133026,6,1
133027,4,1
133028,2,1
133029,6,1
133030,5,1
133031,4,1
133032,0,0
133033,35,1
133034,254,1
133035,28,1
133036,10,1
133037,3,1
133038,4,1
133039,6,1
133040,0,0
133041,128,1
133042,21,1
133043,2,1
133044,0,0
133045,2,1
133046,4,1
133047,3,1
133048,0,0
133049,0,0
133050,0,0
133051,6,1
133052,4,1
133053,5,1
133054,7,1
133055,3,1
133056,4,1
133057,0,0
133058,2,1
133059,3,1
133060,1,1
133061,4,1
133062,3,1
133063,0,0
133064,3,1
133065,2,1
133066,14,1
133067,69,1
133068,60,1
133069,46,1
133070,65,1
133071,64,1
133072,0,0
133073,0,0
133074,0,0
133075,0,0
133076,0,0
133077,65,1
133078,63,1
133079,61,1
133080,66,1
133081,69,1
133082,91,1
133083,85,1
133084,64,1
133085,0,0
133086,56,1
133087,0,0
133088,0,0
133089,0,0
133090,0,0
133091,0,0
133092,42,1
133093,94,1
133094,107,1
133095,47,1
133096,4,1
133097,32,1
133098,0,0
133099,0,0
133100,25,1
133101,0,0
133102,17,1
133103,6,1
133104,5,1
133105,21,1
133106,29,1
133107,10,1
133108,0,0
133109,12,1
133110,12,1
133111,12,1
133112,12,1
133113,12,1
133114,4,1
133115,9,1
133116,9,1
133117,0,0
133118,0,0
133119,0,0
133120,3,1
133121,3,1
133122,3,1
133123,3,1
133124,3,1
133125,3,1
133126,3,1
133127,3,1
133128,2,1
133129,1,1
133130,2242,1
133131,38,1
133132,3,1
133133,3,1
133134,24,1
133135,8,1
133136,2,1
133137,0,0
133138,3,1
133139,0,0
133140,2,1
133141,3,1
133142,3,1
133143,3,1
133144,9,1
133145,16,1
133146,13,1
133147,2,1
133148,3,1
133149,4,1
133150,2,1
133151,1,1
133152,0,0
133153,5,1
133154,0,0
133155,51,1
133156,20,1
133157,20,1
133158,20,1
133159,0,0
133160,0,0
133161,0,0
133162,31,1
133163,5,1
133164,0,0
133165,4,1
133166,3,1
133167,4,1
133168,4,1
133169,12,1
133170,12,1
133171,0,0
133172,0,0
133173,0,0
133174,0,0
133175,0,0
133176,0,0
133177,0,0
133178,0,0
133179,0,0
133180,0,0
133181,0,0
133182,0,0
133183,0,0
133184,0,0
133185,0,0
133186,0,0
133187,0,0
133188,0,0
133189,0,0
133190,0,0
133191,0,0
133192,0,0
133193,0,0
133194,0,0
133195,0,0
133196,0,0
133197,0,0
133198,0,0
133199,0,0
133200,0,0
133201,38,1
133202,36,1
133203,0,0
133204,0,0
133205,0,0
133206,0,0
133207,0,0
133208,0,0
133209,56,1
133210,0,0
133211,0,0
133212,0,0
133213,0,0
133214,0,0
133215,0,0
133216,0,0
133217,0,0
133218,0,0
133219,0,0
133220,0,0
133221,0,0
133222,0,0
133223,0,0
133224,0,0
,,
